Reference Brand,Reference Product,Search Query,Competitor Brand,Reference Product Description,Min Price,Max Price,Site
RTA Cabinet Store,Toe Kick 8,Toe Kick 8,Cabinet Set,,5,100,CabinetSet.com
RTA Cabinet Store,Large Crown 8,Large Crown 8,Cabinet Set,,10,250,CabinetSet.com
RTA Cabinet Store,B24,B24,Cabinet Set,,100,1000,CabinetSet.com
RTA Cabinet Store,SB36,SB36,Cabinet Set,,100,1000,CabinetSet.com
RTA Cabinet Store,B18,B18,Cabinet Set,,100,1000,CabinetSet.com
RTA Cabinet Store,DB24,DB24,Cabinet Set,,100,1000,CabinetSet.com
RTA Cabinet Store,B09-FH,B09-FH,Cabinet Set,,100,1000,CabinetSet.com
RTA Cabinet Store,B30,B30,Cabinet Set,,100,1000,CabinetSet.com
RTA Cabinet Store,W2436,W2436,Cabinet Set,,100,1000,CabinetSet.com
RTA Cabinet Store,W3036,W3036,Cabinet Set,,100,1000,CabinetSet.com
RTA Cabinet Store,W361824,W361824,Cabinet Set,,100,1000,CabinetSet.com
RTA Cabinet Store,LS36,LS36,Cabinet Set,,100,2000,CabinetSet.com
RTA Cabinet Store,DWR3,DWR3,Cabinet Set,,25,500,CabinetSet.com
RTA Cabinet Store,Toe Kick 8,Toe Kick 8,The RTA Store,,5,100,TheRTAStore.com
RTA Cabinet Store,Large Crown 8,Large Crown 8,The RTA Store,,10,250,TheRTAStore.com
RTA Cabinet Store,B24,B24,The RTA Store,,100,1000,TheRTAStore.com
RTA Cabinet Store,SB36,SB36,The RTA Store,,100,1000,TheRTAStore.com
RTA Cabinet Store,B18,B18,The RTA Store,,100,1000,TheRTAStore.com
RTA Cabinet Store,DB24,DB24,The RTA Store,,100,1000,TheRTAStore.com
RTA Cabinet Store,B09-FH,B09-FH,The RTA Store,,100,1000,TheRTAStore.com
RTA Cabinet Store,B30,B30,The RTA Store,,100,1000,TheRTAStore.com
RTA Cabinet Store,W2436,W2436,The RTA Store,,100,1000,TheRTAStore.com
RTA Cabinet Store,W3036,W3036,The RTA Store,,100,1000,TheRTAStore.com
RTA Cabinet Store,W361824,W361824,The RTA Store,,100,1000,TheRTAStore.com
RTA Cabinet Store,LS36,LS36,The RTA Store,,100,2000,TheRTAStore.com
RTA Cabinet Store,DWR3,DWR3,The RTA Store,,25,500,TheRTAStore.com
RTA Cabinet Store,Toe Kick 8,Toe Kick 8,Lily Ann Cabinets,,5,100,LilyAnnCabinets.com
RTA Cabinet Store,Large Crown 8,Large Crown 8,Lily Ann Cabinets,,10,250,LilyAnnCabinets.com
RTA Cabinet Store,B24,B24,Lily Ann Cabinets,,100,1000,LilyAnnCabinets.com
RTA Cabinet Store,SB36,SB36,Lily Ann Cabinets,,100,1000,LilyAnnCabinets.com
RTA Cabinet Store,B18,B18,Lily Ann Cabinets,,100,1000,LilyAnnCabinets.com
RTA Cabinet Store,DB24,DB24,Lily Ann Cabinets,,100,1000,LilyAnnCabinets.com
RTA Cabinet Store,B09-FH,B09-FH,Lily Ann Cabinets,,100,1000,LilyAnnCabinets.com
RTA Cabinet Store,B30,B30,Lily Ann Cabinets,,100,1000,LilyAnnCabinets.com
RTA Cabinet Store,W2436,W2436,Lily Ann Cabinets,,100,1000,LilyAnnCabinets.com
RTA Cabinet Store,W3036,W3036,Lily Ann Cabinets,,100,1000,LilyAnnCabinets.com
RTA Cabinet Store,W361824,W361824,Lily Ann Cabinets,,100,1000,LilyAnnCabinets.com
RTA Cabinet Store,LS36,LS36,Lily Ann Cabinets,,100,2000,LilyAnnCabinets.com
RTA Cabinet Store,ADD-ON FOR: LS36,ADD-ON FOR: LS36,Lily Ann Cabinets,,0,2000,LilyAnnCabinets.com
RTA Cabinet Store,DWR3,DWR3,Lily Ann Cabinets,,25,500,LilyAnnCabinets.com
