Reference Brand,Reference Product,Search Query,Competitor Brand,Reference Product Description
Taylor Stitch,The Jack Shirt,men's oxford shirt,Buck Mason,"The Oxford button-down is a stylish wardrobe staple with endless versatility, so it’s no surprise that our signature Oxford, The Jack, has become a mainstay of our roster. Its burly 100% organic cotton basket weave and double-needle felled construction make it sturdy enough to stand up to the roughest workday, while peerless tailoring and a clean, pleatless design means it’s snazzy enough for your next night on the town. Soft to the touch but built for a decade of solid wear. Oxford is a perfectly versatile fabric that looks just as good pressed as it does pulled off the back of a chair. While traditional cotton uses 25% of the world's pesticides, our organic cotton doesn't use a drop. A better shirt, Responsibly Built For The Long Haul. 6-oz. 100% organic cotton. Made from our burly rugby oxford. Our signature Jack button-down collar. Garment dyed and washed for a soft, lived-in feel. Double-needle felled construction throughout. Natural buttons. Lock-stitched buttons and buttonholes. Shorter length to be worn untucked. Tailored fit and high armhole. No pleats for easy ironing and clean lines. Wash cold and tumble dry low. Model is 6'0"", wearing a Medium."
Taylor Stitch,The Jack Shirt,men's oxford shirt,Bonobos,"The Oxford button-down is a stylish wardrobe staple with endless versatility, so it’s no surprise that our signature Oxford, The Jack, has become a mainstay of our roster. Its burly 100% organic cotton basket weave and double-needle felled construction make it sturdy enough to stand up to the roughest workday, while peerless tailoring and a clean, pleatless design means it’s snazzy enough for your next night on the town. Soft to the touch but built for a decade of solid wear. Oxford is a perfectly versatile fabric that looks just as good pressed as it does pulled off the back of a chair. While traditional cotton uses 25% of the world's pesticides, our organic cotton doesn't use a drop. A better shirt, Responsibly Built For The Long Haul. 6-oz. 100% organic cotton. Made from our burly rugby oxford. Our signature Jack button-down collar. Garment dyed and washed for a soft, lived-in feel. Double-needle felled construction throughout. Natural buttons. Lock-stitched buttons and buttonholes. Shorter length to be worn untucked. Tailored fit and high armhole. No pleats for easy ironing and clean lines. Wash cold and tumble dry low. Model is 6'0"", wearing a Medium."
Taylor Stitch,The Jack Shirt,men's oxford shirt,Everlane,"The Oxford button-down is a stylish wardrobe staple with endless versatility, so it’s no surprise that our signature Oxford, The Jack, has become a mainstay of our roster. Its burly 100% organic cotton basket weave and double-needle felled construction make it sturdy enough to stand up to the roughest workday, while peerless tailoring and a clean, pleatless design means it’s snazzy enough for your next night on the town. Soft to the touch but built for a decade of solid wear. Oxford is a perfectly versatile fabric that looks just as good pressed as it does pulled off the back of a chair. While traditional cotton uses 25% of the world's pesticides, our organic cotton doesn't use a drop. A better shirt, Responsibly Built For The Long Haul. 6-oz. 100% organic cotton. Made from our burly rugby oxford. Our signature Jack button-down collar. Garment dyed and washed for a soft, lived-in feel. Double-needle felled construction throughout. Natural buttons. Lock-stitched buttons and buttonholes. Shorter length to be worn untucked. Tailored fit and high armhole. No pleats for easy ironing and clean lines. Wash cold and tumble dry low. Model is 6'0"", wearing a Medium."
Taylor Stitch,The Jack Shirt,men's oxford shirt,J.Crew,"The Oxford button-down is a stylish wardrobe staple with endless versatility, so it’s no surprise that our signature Oxford, The Jack, has become a mainstay of our roster. Its burly 100% organic cotton basket weave and double-needle felled construction make it sturdy enough to stand up to the roughest workday, while peerless tailoring and a clean, pleatless design means it’s snazzy enough for your next night on the town. Soft to the touch but built for a decade of solid wear. Oxford is a perfectly versatile fabric that looks just as good pressed as it does pulled off the back of a chair. While traditional cotton uses 25% of the world's pesticides, our organic cotton doesn't use a drop. A better shirt, Responsibly Built For The Long Haul. 6-oz. 100% organic cotton. Made from our burly rugby oxford. Our signature Jack button-down collar. Garment dyed and washed for a soft, lived-in feel. Double-needle felled construction throughout. Natural buttons. Lock-stitched buttons and buttonholes. Shorter length to be worn untucked. Tailored fit and high armhole. No pleats for easy ironing and clean lines. Wash cold and tumble dry low. Model is 6'0"", wearing a Medium."
Taylor Stitch,The Jack Shirt,men's oxford shirt,Alex Mill,"The Oxford button-down is a stylish wardrobe staple with endless versatility, so it’s no surprise that our signature Oxford, The Jack, has become a mainstay of our roster. Its burly 100% organic cotton basket weave and double-needle felled construction make it sturdy enough to stand up to the roughest workday, while peerless tailoring and a clean, pleatless design means it’s snazzy enough for your next night on the town. Soft to the touch but built for a decade of solid wear. Oxford is a perfectly versatile fabric that looks just as good pressed as it does pulled off the back of a chair. While traditional cotton uses 25% of the world's pesticides, our organic cotton doesn't use a drop. A better shirt, Responsibly Built For The Long Haul. 6-oz. 100% organic cotton. Made from our burly rugby oxford. Our signature Jack button-down collar. Garment dyed and washed for a soft, lived-in feel. Double-needle felled construction throughout. Natural buttons. Lock-stitched buttons and buttonholes. Shorter length to be worn untucked. Tailored fit and high armhole. No pleats for easy ironing and clean lines. Wash cold and tumble dry low. Model is 6'0"", wearing a Medium."
Taylor Stitch,The Jack Shirt,men's oxford shirt,Frank & Oak,"The Oxford button-down is a stylish wardrobe staple with endless versatility, so it’s no surprise that our signature Oxford, The Jack, has become a mainstay of our roster. Its burly 100% organic cotton basket weave and double-needle felled construction make it sturdy enough to stand up to the roughest workday, while peerless tailoring and a clean, pleatless design means it’s snazzy enough for your next night on the town. Soft to the touch but built for a decade of solid wear. Oxford is a perfectly versatile fabric that looks just as good pressed as it does pulled off the back of a chair. While traditional cotton uses 25% of the world's pesticides, our organic cotton doesn't use a drop. A better shirt, Responsibly Built For The Long Haul. 6-oz. 100% organic cotton. Made from our burly rugby oxford. Our signature Jack button-down collar. Garment dyed and washed for a soft, lived-in feel. Double-needle felled construction throughout. Natural buttons. Lock-stitched buttons and buttonholes. Shorter length to be worn untucked. Tailored fit and high armhole. No pleats for easy ironing and clean lines. Wash cold and tumble dry low. Model is 6'0"", wearing a Medium."
Taylor Stitch,The Jack Shirt,men's oxford shirt,Todd Snyder,"The Oxford button-down is a stylish wardrobe staple with endless versatility, so it’s no surprise that our signature Oxford, The Jack, has become a mainstay of our roster. Its burly 100% organic cotton basket weave and double-needle felled construction make it sturdy enough to stand up to the roughest workday, while peerless tailoring and a clean, pleatless design means it’s snazzy enough for your next night on the town. Soft to the touch but built for a decade of solid wear. Oxford is a perfectly versatile fabric that looks just as good pressed as it does pulled off the back of a chair. While traditional cotton uses 25% of the world's pesticides, our organic cotton doesn't use a drop. A better shirt, Responsibly Built For The Long Haul. 6-oz. 100% organic cotton. Made from our burly rugby oxford. Our signature Jack button-down collar. Garment dyed and washed for a soft, lived-in feel. Double-needle felled construction throughout. Natural buttons. Lock-stitched buttons and buttonholes. Shorter length to be worn untucked. Tailored fit and high armhole. No pleats for easy ironing and clean lines. Wash cold and tumble dry low. Model is 6'0"", wearing a Medium."
Taylor Stitch,The Jack Shirt,men's oxford shirt,Mizzen+Main,"The Oxford button-down is a stylish wardrobe staple with endless versatility, so it’s no surprise that our signature Oxford, The Jack, has become a mainstay of our roster. Its burly 100% organic cotton basket weave and double-needle felled construction make it sturdy enough to stand up to the roughest workday, while peerless tailoring and a clean, pleatless design means it’s snazzy enough for your next night on the town. Soft to the touch but built for a decade of solid wear. Oxford is a perfectly versatile fabric that looks just as good pressed as it does pulled off the back of a chair. While traditional cotton uses 25% of the world's pesticides, our organic cotton doesn't use a drop. A better shirt, Responsibly Built For The Long Haul. 6-oz. 100% organic cotton. Made from our burly rugby oxford. Our signature Jack button-down collar. Garment dyed and washed for a soft, lived-in feel. Double-needle felled construction throughout. Natural buttons. Lock-stitched buttons and buttonholes. Shorter length to be worn untucked. Tailored fit and high armhole. No pleats for easy ironing and clean lines. Wash cold and tumble dry low. Model is 6'0"", wearing a Medium."
Taylor Stitch,The Jack Shirt,men's oxford shirt,Charles Tyrwhitt,"The Oxford button-down is a stylish wardrobe staple with endless versatility, so it’s no surprise that our signature Oxford, The Jack, has become a mainstay of our roster. Its burly 100% organic cotton basket weave and double-needle felled construction make it sturdy enough to stand up to the roughest workday, while peerless tailoring and a clean, pleatless design means it’s snazzy enough for your next night on the town. Soft to the touch but built for a decade of solid wear. Oxford is a perfectly versatile fabric that looks just as good pressed as it does pulled off the back of a chair. While traditional cotton uses 25% of the world's pesticides, our organic cotton doesn't use a drop. A better shirt, Responsibly Built For The Long Haul. 6-oz. 100% organic cotton. Made from our burly rugby oxford. Our signature Jack button-down collar. Garment dyed and washed for a soft, lived-in feel. Double-needle felled construction throughout. Natural buttons. Lock-stitched buttons and buttonholes. Shorter length to be worn untucked. Tailored fit and high armhole. No pleats for easy ironing and clean lines. Wash cold and tumble dry low. Model is 6'0"", wearing a Medium."
Taylor Stitch,The Jack Shirt,men's oxford shirt,Taylor Stitch,"The Oxford button-down is a stylish wardrobe staple with endless versatility, so it’s no surprise that our signature Oxford, The Jack, has become a mainstay of our roster. Its burly 100% organic cotton basket weave and double-needle felled construction make it sturdy enough to stand up to the roughest workday, while peerless tailoring and a clean, pleatless design means it’s snazzy enough for your next night on the town. Soft to the touch but built for a decade of solid wear. Oxford is a perfectly versatile fabric that looks just as good pressed as it does pulled off the back of a chair. While traditional cotton uses 25% of the world's pesticides, our organic cotton doesn't use a drop. A better shirt, Responsibly Built For The Long Haul. 6-oz. 100% organic cotton. Made from our burly rugby oxford. Our signature Jack button-down collar. Garment dyed and washed for a soft, lived-in feel. Double-needle felled construction throughout. Natural buttons. Lock-stitched buttons and buttonholes. Shorter length to be worn untucked. Tailored fit and high armhole. No pleats for easy ironing and clean lines. Wash cold and tumble dry low. Model is 6'0"", wearing a Medium."
Taylor Stitch,The Chore Pant,men's work pants,Carhartt WIP,The Chore Pant in Aged Penny Chipped Canvas from Taylor Stitch 12.5-oz. 100% organic cotton canvas. 6-oz. 100% organic cotton SF Map pocketing. Stone washed for a worn in look and feel. Angled front slash pockets for easy entry. Two half-lined back patch pockets. Signature double-knee reinforced construction. Pen sleeve on both front panels. Front and back pockets bar-tacked at stress points. Button fly closure. Double-needle construction throughout. Wash cold and tumble dry low. Made in China.
Taylor Stitch,The Chore Pant,men's work pants,Dickies,The Chore Pant in Aged Penny Chipped Canvas from Taylor Stitch 12.5-oz. 100% organic cotton canvas. 6-oz. 100% organic cotton SF Map pocketing. Stone washed for a worn in look and feel. Angled front slash pockets for easy entry. Two half-lined back patch pockets. Signature double-knee reinforced construction. Pen sleeve on both front panels. Front and back pockets bar-tacked at stress points. Button fly closure. Double-needle construction throughout. Wash cold and tumble dry low. Made in China.
Taylor Stitch,The Chore Pant,men's work pants,Flint and Tinder,The Chore Pant in Aged Penny Chipped Canvas from Taylor Stitch 12.5-oz. 100% organic cotton canvas. 6-oz. 100% organic cotton SF Map pocketing. Stone washed for a worn in look and feel. Angled front slash pockets for easy entry. Two half-lined back patch pockets. Signature double-knee reinforced construction. Pen sleeve on both front panels. Front and back pockets bar-tacked at stress points. Button fly closure. Double-needle construction throughout. Wash cold and tumble dry low. Made in China.
Taylor Stitch,The Chore Pant,men's work pants,Alex Mill,The Chore Pant in Aged Penny Chipped Canvas from Taylor Stitch 12.5-oz. 100% organic cotton canvas. 6-oz. 100% organic cotton SF Map pocketing. Stone washed for a worn in look and feel. Angled front slash pockets for easy entry. Two half-lined back patch pockets. Signature double-knee reinforced construction. Pen sleeve on both front panels. Front and back pockets bar-tacked at stress points. Button fly closure. Double-needle construction throughout. Wash cold and tumble dry low. Made in China.
Taylor Stitch,The Chore Pant,men's work pants,Levi's,The Chore Pant in Aged Penny Chipped Canvas from Taylor Stitch 12.5-oz. 100% organic cotton canvas. 6-oz. 100% organic cotton SF Map pocketing. Stone washed for a worn in look and feel. Angled front slash pockets for easy entry. Two half-lined back patch pockets. Signature double-knee reinforced construction. Pen sleeve on both front panels. Front and back pockets bar-tacked at stress points. Button fly closure. Double-needle construction throughout. Wash cold and tumble dry low. Made in China.
Taylor Stitch,The Chore Pant,men's work pants,Bonobos,The Chore Pant in Aged Penny Chipped Canvas from Taylor Stitch 12.5-oz. 100% organic cotton canvas. 6-oz. 100% organic cotton SF Map pocketing. Stone washed for a worn in look and feel. Angled front slash pockets for easy entry. Two half-lined back patch pockets. Signature double-knee reinforced construction. Pen sleeve on both front panels. Front and back pockets bar-tacked at stress points. Button fly closure. Double-needle construction throughout. Wash cold and tumble dry low. Made in China.
Taylor Stitch,The Chore Pant,men's work pants,Patagonia,The Chore Pant in Aged Penny Chipped Canvas from Taylor Stitch 12.5-oz. 100% organic cotton canvas. 6-oz. 100% organic cotton SF Map pocketing. Stone washed for a worn in look and feel. Angled front slash pockets for easy entry. Two half-lined back patch pockets. Signature double-knee reinforced construction. Pen sleeve on both front panels. Front and back pockets bar-tacked at stress points. Button fly closure. Double-needle construction throughout. Wash cold and tumble dry low. Made in China.
Taylor Stitch,The Chore Pant,men's work pants,Outerknown,The Chore Pant in Aged Penny Chipped Canvas from Taylor Stitch 12.5-oz. 100% organic cotton canvas. 6-oz. 100% organic cotton SF Map pocketing. Stone washed for a worn in look and feel. Angled front slash pockets for easy entry. Two half-lined back patch pockets. Signature double-knee reinforced construction. Pen sleeve on both front panels. Front and back pockets bar-tacked at stress points. Button fly closure. Double-needle construction throughout. Wash cold and tumble dry low. Made in China.
Taylor Stitch,The Chore Pant,men's work pants,Everlane,The Chore Pant in Aged Penny Chipped Canvas from Taylor Stitch 12.5-oz. 100% organic cotton canvas. 6-oz. 100% organic cotton SF Map pocketing. Stone washed for a worn in look and feel. Angled front slash pockets for easy entry. Two half-lined back patch pockets. Signature double-knee reinforced construction. Pen sleeve on both front panels. Front and back pockets bar-tacked at stress points. Button fly closure. Double-needle construction throughout. Wash cold and tumble dry low. Made in China.
Taylor Stitch,The Chore Pant,men's work pants,Uniqlo,The Chore Pant in Aged Penny Chipped Canvas from Taylor Stitch 12.5-oz. 100% organic cotton canvas. 6-oz. 100% organic cotton SF Map pocketing. Stone washed for a worn in look and feel. Angled front slash pockets for easy entry. Two half-lined back patch pockets. Signature double-knee reinforced construction. Pen sleeve on both front panels. Front and back pockets bar-tacked at stress points. Button fly closure. Double-needle construction throughout. Wash cold and tumble dry low. Made in China.
Taylor Stitch,The Chore Pant,men's work pants,Taylor Stitch,The Chore Pant in Aged Penny Chipped Canvas from Taylor Stitch 12.5-oz. 100% organic cotton canvas. 6-oz. 100% organic cotton SF Map pocketing. Stone washed for a worn in look and feel. Angled front slash pockets for easy entry. Two half-lined back patch pockets. Signature double-knee reinforced construction. Pen sleeve on both front panels. Front and back pockets bar-tacked at stress points. Button fly closure. Double-needle construction throughout. Wash cold and tumble dry low. Made in China.
Taylor Stitch,The Democratic Chino,men's chinos,Bonobos,"Originally issued to American soldiers during WWII, the first military chinos were celebrated for their comfort, versatility, and impressive ruggedness. They proved so popular, in fact, that soldiers held onto their well-worn pairs even after discharge, and as more and more civilians took notice, the style became a fixture of garages and workshops as well as college campuses and city streets all across the country. Featuring 100% Responsible materials and an updated silhouette, The Foundation Pant is both a reinvention of our earlier chinos and an elevated reimagining of the all-purpose originals, built to help you start your day on solid ground. Because it's been garment dyed and washed, it has the character of a well-loved vintage piece, and it'll continue to pick up a ton of nuance with wear. Cool herringbone accents at the waistband and the pockets serve as a nod to the style's military origins. SPECIFICATIONS Classic medium rise, tailored fit, straight through the thigh with a slight taper from knee to leg opening. Available in 32"" inseam. 8-oz. 100% organic cotton. 5-oz. 100% organic cotton herringbone pocketing. Garment dyed and washed for a vintage feel. Front slash pockets allow easy entry into pockets. Low-profile welt coin pocket inset at waistband. Two back welt pockets. 4-hole vintage military style button at waistband. YKK zipper fly. Bound fly and outseam. Wash cold and tumble dry low. Made in China. Model is 6'1"", wearing a 32."
Taylor Stitch,The Democratic Chino,men's chinos,Dockers,"Originally issued to American soldiers during WWII, the first military chinos were celebrated for their comfort, versatility, and impressive ruggedness. They proved so popular, in fact, that soldiers held onto their well-worn pairs even after discharge, and as more and more civilians took notice, the style became a fixture of garages and workshops as well as college campuses and city streets all across the country. Featuring 100% Responsible materials and an updated silhouette, The Foundation Pant is both a reinvention of our earlier chinos and an elevated reimagining of the all-purpose originals, built to help you start your day on solid ground. Because it's been garment dyed and washed, it has the character of a well-loved vintage piece, and it'll continue to pick up a ton of nuance with wear. Cool herringbone accents at the waistband and the pockets serve as a nod to the style's military origins. SPECIFICATIONS Classic medium rise, tailored fit, straight through the thigh with a slight taper from knee to leg opening. Available in 32"" inseam. 8-oz. 100% organic cotton. 5-oz. 100% organic cotton herringbone pocketing. Garment dyed and washed for a vintage feel. Front slash pockets allow easy entry into pockets. Low-profile welt coin pocket inset at waistband. Two back welt pockets. 4-hole vintage military style button at waistband. YKK zipper fly. Bound fly and outseam. Wash cold and tumble dry low. Made in China. Model is 6'1"", wearing a 32."
Taylor Stitch,The Democratic Chino,men's chinos,Banana Republic,"Originally issued to American soldiers during WWII, the first military chinos were celebrated for their comfort, versatility, and impressive ruggedness. They proved so popular, in fact, that soldiers held onto their well-worn pairs even after discharge, and as more and more civilians took notice, the style became a fixture of garages and workshops as well as college campuses and city streets all across the country. Featuring 100% Responsible materials and an updated silhouette, The Foundation Pant is both a reinvention of our earlier chinos and an elevated reimagining of the all-purpose originals, built to help you start your day on solid ground. Because it's been garment dyed and washed, it has the character of a well-loved vintage piece, and it'll continue to pick up a ton of nuance with wear. Cool herringbone accents at the waistband and the pockets serve as a nod to the style's military origins. SPECIFICATIONS Classic medium rise, tailored fit, straight through the thigh with a slight taper from knee to leg opening. Available in 32"" inseam. 8-oz. 100% organic cotton. 5-oz. 100% organic cotton herringbone pocketing. Garment dyed and washed for a vintage feel. Front slash pockets allow easy entry into pockets. Low-profile welt coin pocket inset at waistband. Two back welt pockets. 4-hole vintage military style button at waistband. YKK zipper fly. Bound fly and outseam. Wash cold and tumble dry low. Made in China. Model is 6'1"", wearing a 32."
Taylor Stitch,The Democratic Chino,men's chinos,J.Crew,"Originally issued to American soldiers during WWII, the first military chinos were celebrated for their comfort, versatility, and impressive ruggedness. They proved so popular, in fact, that soldiers held onto their well-worn pairs even after discharge, and as more and more civilians took notice, the style became a fixture of garages and workshops as well as college campuses and city streets all across the country. Featuring 100% Responsible materials and an updated silhouette, The Foundation Pant is both a reinvention of our earlier chinos and an elevated reimagining of the all-purpose originals, built to help you start your day on solid ground. Because it's been garment dyed and washed, it has the character of a well-loved vintage piece, and it'll continue to pick up a ton of nuance with wear. Cool herringbone accents at the waistband and the pockets serve as a nod to the style's military origins. SPECIFICATIONS Classic medium rise, tailored fit, straight through the thigh with a slight taper from knee to leg opening. Available in 32"" inseam. 8-oz. 100% organic cotton. 5-oz. 100% organic cotton herringbone pocketing. Garment dyed and washed for a vintage feel. Front slash pockets allow easy entry into pockets. Low-profile welt coin pocket inset at waistband. Two back welt pockets. 4-hole vintage military style button at waistband. YKK zipper fly. Bound fly and outseam. Wash cold and tumble dry low. Made in China. Model is 6'1"", wearing a 32."
Taylor Stitch,The Democratic Chino,men's chinos,Everlane,"Originally issued to American soldiers during WWII, the first military chinos were celebrated for their comfort, versatility, and impressive ruggedness. They proved so popular, in fact, that soldiers held onto their well-worn pairs even after discharge, and as more and more civilians took notice, the style became a fixture of garages and workshops as well as college campuses and city streets all across the country. Featuring 100% Responsible materials and an updated silhouette, The Foundation Pant is both a reinvention of our earlier chinos and an elevated reimagining of the all-purpose originals, built to help you start your day on solid ground. Because it's been garment dyed and washed, it has the character of a well-loved vintage piece, and it'll continue to pick up a ton of nuance with wear. Cool herringbone accents at the waistband and the pockets serve as a nod to the style's military origins. SPECIFICATIONS Classic medium rise, tailored fit, straight through the thigh with a slight taper from knee to leg opening. Available in 32"" inseam. 8-oz. 100% organic cotton. 5-oz. 100% organic cotton herringbone pocketing. Garment dyed and washed for a vintage feel. Front slash pockets allow easy entry into pockets. Low-profile welt coin pocket inset at waistband. Two back welt pockets. 4-hole vintage military style button at waistband. YKK zipper fly. Bound fly and outseam. Wash cold and tumble dry low. Made in China. Model is 6'1"", wearing a 32."
Taylor Stitch,The Democratic Chino,men's chinos,Uniqlo,"Originally issued to American soldiers during WWII, the first military chinos were celebrated for their comfort, versatility, and impressive ruggedness. They proved so popular, in fact, that soldiers held onto their well-worn pairs even after discharge, and as more and more civilians took notice, the style became a fixture of garages and workshops as well as college campuses and city streets all across the country. Featuring 100% Responsible materials and an updated silhouette, The Foundation Pant is both a reinvention of our earlier chinos and an elevated reimagining of the all-purpose originals, built to help you start your day on solid ground. Because it's been garment dyed and washed, it has the character of a well-loved vintage piece, and it'll continue to pick up a ton of nuance with wear. Cool herringbone accents at the waistband and the pockets serve as a nod to the style's military origins. SPECIFICATIONS Classic medium rise, tailored fit, straight through the thigh with a slight taper from knee to leg opening. Available in 32"" inseam. 8-oz. 100% organic cotton. 5-oz. 100% organic cotton herringbone pocketing. Garment dyed and washed for a vintage feel. Front slash pockets allow easy entry into pockets. Low-profile welt coin pocket inset at waistband. Two back welt pockets. 4-hole vintage military style button at waistband. YKK zipper fly. Bound fly and outseam. Wash cold and tumble dry low. Made in China. Model is 6'1"", wearing a 32."
Taylor Stitch,The Democratic Chino,men's chinos,Club Monaco,"Originally issued to American soldiers during WWII, the first military chinos were celebrated for their comfort, versatility, and impressive ruggedness. They proved so popular, in fact, that soldiers held onto their well-worn pairs even after discharge, and as more and more civilians took notice, the style became a fixture of garages and workshops as well as college campuses and city streets all across the country. Featuring 100% Responsible materials and an updated silhouette, The Foundation Pant is both a reinvention of our earlier chinos and an elevated reimagining of the all-purpose originals, built to help you start your day on solid ground. Because it's been garment dyed and washed, it has the character of a well-loved vintage piece, and it'll continue to pick up a ton of nuance with wear. Cool herringbone accents at the waistband and the pockets serve as a nod to the style's military origins. SPECIFICATIONS Classic medium rise, tailored fit, straight through the thigh with a slight taper from knee to leg opening. Available in 32"" inseam. 8-oz. 100% organic cotton. 5-oz. 100% organic cotton herringbone pocketing. Garment dyed and washed for a vintage feel. Front slash pockets allow easy entry into pockets. Low-profile welt coin pocket inset at waistband. Two back welt pockets. 4-hole vintage military style button at waistband. YKK zipper fly. Bound fly and outseam. Wash cold and tumble dry low. Made in China. Model is 6'1"", wearing a 32."
Taylor Stitch,The Democratic Chino,men's chinos,Rhone,"Originally issued to American soldiers during WWII, the first military chinos were celebrated for their comfort, versatility, and impressive ruggedness. They proved so popular, in fact, that soldiers held onto their well-worn pairs even after discharge, and as more and more civilians took notice, the style became a fixture of garages and workshops as well as college campuses and city streets all across the country. Featuring 100% Responsible materials and an updated silhouette, The Foundation Pant is both a reinvention of our earlier chinos and an elevated reimagining of the all-purpose originals, built to help you start your day on solid ground. Because it's been garment dyed and washed, it has the character of a well-loved vintage piece, and it'll continue to pick up a ton of nuance with wear. Cool herringbone accents at the waistband and the pockets serve as a nod to the style's military origins. SPECIFICATIONS Classic medium rise, tailored fit, straight through the thigh with a slight taper from knee to leg opening. Available in 32"" inseam. 8-oz. 100% organic cotton. 5-oz. 100% organic cotton herringbone pocketing. Garment dyed and washed for a vintage feel. Front slash pockets allow easy entry into pockets. Low-profile welt coin pocket inset at waistband. Two back welt pockets. 4-hole vintage military style button at waistband. YKK zipper fly. Bound fly and outseam. Wash cold and tumble dry low. Made in China. Model is 6'1"", wearing a 32."
Taylor Stitch,The Democratic Chino,men's chinos,Ministry of Supply,"Originally issued to American soldiers during WWII, the first military chinos were celebrated for their comfort, versatility, and impressive ruggedness. They proved so popular, in fact, that soldiers held onto their well-worn pairs even after discharge, and as more and more civilians took notice, the style became a fixture of garages and workshops as well as college campuses and city streets all across the country. Featuring 100% Responsible materials and an updated silhouette, The Foundation Pant is both a reinvention of our earlier chinos and an elevated reimagining of the all-purpose originals, built to help you start your day on solid ground. Because it's been garment dyed and washed, it has the character of a well-loved vintage piece, and it'll continue to pick up a ton of nuance with wear. Cool herringbone accents at the waistband and the pockets serve as a nod to the style's military origins. SPECIFICATIONS Classic medium rise, tailored fit, straight through the thigh with a slight taper from knee to leg opening. Available in 32"" inseam. 8-oz. 100% organic cotton. 5-oz. 100% organic cotton herringbone pocketing. Garment dyed and washed for a vintage feel. Front slash pockets allow easy entry into pockets. Low-profile welt coin pocket inset at waistband. Two back welt pockets. 4-hole vintage military style button at waistband. YKK zipper fly. Bound fly and outseam. Wash cold and tumble dry low. Made in China. Model is 6'1"", wearing a 32."
Taylor Stitch,The Democratic Chino,men's chinos,Lululemon,"Originally issued to American soldiers during WWII, the first military chinos were celebrated for their comfort, versatility, and impressive ruggedness. They proved so popular, in fact, that soldiers held onto their well-worn pairs even after discharge, and as more and more civilians took notice, the style became a fixture of garages and workshops as well as college campuses and city streets all across the country. Featuring 100% Responsible materials and an updated silhouette, The Foundation Pant is both a reinvention of our earlier chinos and an elevated reimagining of the all-purpose originals, built to help you start your day on solid ground. Because it's been garment dyed and washed, it has the character of a well-loved vintage piece, and it'll continue to pick up a ton of nuance with wear. Cool herringbone accents at the waistband and the pockets serve as a nod to the style's military origins. SPECIFICATIONS Classic medium rise, tailored fit, straight through the thigh with a slight taper from knee to leg opening. Available in 32"" inseam. 8-oz. 100% organic cotton. 5-oz. 100% organic cotton herringbone pocketing. Garment dyed and washed for a vintage feel. Front slash pockets allow easy entry into pockets. Low-profile welt coin pocket inset at waistband. Two back welt pockets. 4-hole vintage military style button at waistband. YKK zipper fly. Bound fly and outseam. Wash cold and tumble dry low. Made in China. Model is 6'1"", wearing a 32."
Taylor Stitch,The Democratic Chino,men's chinos,Taylor Stitch,"Originally issued to American soldiers during WWII, the first military chinos were celebrated for their comfort, versatility, and impressive ruggedness. They proved so popular, in fact, that soldiers held onto their well-worn pairs even after discharge, and as more and more civilians took notice, the style became a fixture of garages and workshops as well as college campuses and city streets all across the country. Featuring 100% Responsible materials and an updated silhouette, The Foundation Pant is both a reinvention of our earlier chinos and an elevated reimagining of the all-purpose originals, built to help you start your day on solid ground. Because it's been garment dyed and washed, it has the character of a well-loved vintage piece, and it'll continue to pick up a ton of nuance with wear. Cool herringbone accents at the waistband and the pockets serve as a nod to the style's military origins. SPECIFICATIONS Classic medium rise, tailored fit, straight through the thigh with a slight taper from knee to leg opening. Available in 32"" inseam. 8-oz. 100% organic cotton. 5-oz. 100% organic cotton herringbone pocketing. Garment dyed and washed for a vintage feel. Front slash pockets allow easy entry into pockets. Low-profile welt coin pocket inset at waistband. Two back welt pockets. 4-hole vintage military style button at waistband. YKK zipper fly. Bound fly and outseam. Wash cold and tumble dry low. Made in China. Model is 6'1"", wearing a 32."
Taylor Stitch,The Apres Pant,men's lounge pants,Vuori,"Getting the best of both worlds is what Taylor Stitch's signature Après Pant is all about. With the cozy comfort of your favorite sweats, the dashing good looks of a trusty set of chinos, and all the hard wearing functionality you’ve come to expect from our expert craftsmen, The Après Pant is built to bring you from the couch, to the trail, to that last minute lunch date all without missing a step. This dimensional Natural Sashiko iteration has been given a heavy garment wash for an ultra soft, broken-in feel right out of the box. 8-oz. 100% organic cotton. Beautiful sashiko slub texture. Washed for a worn in feel. Lightly washed to bring out the amazing texture. Two front slash front pockets. Two back patch button-through pockets. Custom SF map print pocketing, made with 100% organic cotton. Elastic waistband with drawcord. Elastic cuff at hem. Dark horn buttons. Button fly. 30"" inseam. Wash cold and tumble dry low."
Taylor Stitch,The Apres Pant,men's lounge pants,Lululemon,"Getting the best of both worlds is what Taylor Stitch's signature Après Pant is all about. With the cozy comfort of your favorite sweats, the dashing good looks of a trusty set of chinos, and all the hard wearing functionality you’ve come to expect from our expert craftsmen, The Après Pant is built to bring you from the couch, to the trail, to that last minute lunch date all without missing a step. This dimensional Natural Sashiko iteration has been given a heavy garment wash for an ultra soft, broken-in feel right out of the box. 8-oz. 100% organic cotton. Beautiful sashiko slub texture. Washed for a worn in feel. Lightly washed to bring out the amazing texture. Two front slash front pockets. Two back patch button-through pockets. Custom SF map print pocketing, made with 100% organic cotton. Elastic waistband with drawcord. Elastic cuff at hem. Dark horn buttons. Button fly. 30"" inseam. Wash cold and tumble dry low."
Taylor Stitch,The Apres Pant,men's lounge pants,Outdoor Voices,"Getting the best of both worlds is what Taylor Stitch's signature Après Pant is all about. With the cozy comfort of your favorite sweats, the dashing good looks of a trusty set of chinos, and all the hard wearing functionality you’ve come to expect from our expert craftsmen, The Après Pant is built to bring you from the couch, to the trail, to that last minute lunch date all without missing a step. This dimensional Natural Sashiko iteration has been given a heavy garment wash for an ultra soft, broken-in feel right out of the box. 8-oz. 100% organic cotton. Beautiful sashiko slub texture. Washed for a worn in feel. Lightly washed to bring out the amazing texture. Two front slash front pockets. Two back patch button-through pockets. Custom SF map print pocketing, made with 100% organic cotton. Elastic waistband with drawcord. Elastic cuff at hem. Dark horn buttons. Button fly. 30"" inseam. Wash cold and tumble dry low."
Taylor Stitch,The Apres Pant,men's lounge pants,Rhone,"Getting the best of both worlds is what Taylor Stitch's signature Après Pant is all about. With the cozy comfort of your favorite sweats, the dashing good looks of a trusty set of chinos, and all the hard wearing functionality you’ve come to expect from our expert craftsmen, The Après Pant is built to bring you from the couch, to the trail, to that last minute lunch date all without missing a step. This dimensional Natural Sashiko iteration has been given a heavy garment wash for an ultra soft, broken-in feel right out of the box. 8-oz. 100% organic cotton. Beautiful sashiko slub texture. Washed for a worn in feel. Lightly washed to bring out the amazing texture. Two front slash front pockets. Two back patch button-through pockets. Custom SF map print pocketing, made with 100% organic cotton. Elastic waistband with drawcord. Elastic cuff at hem. Dark horn buttons. Button fly. 30"" inseam. Wash cold and tumble dry low."
Taylor Stitch,The Apres Pant,men's lounge pants,Public Rec,"Getting the best of both worlds is what Taylor Stitch's signature Après Pant is all about. With the cozy comfort of your favorite sweats, the dashing good looks of a trusty set of chinos, and all the hard wearing functionality you’ve come to expect from our expert craftsmen, The Après Pant is built to bring you from the couch, to the trail, to that last minute lunch date all without missing a step. This dimensional Natural Sashiko iteration has been given a heavy garment wash for an ultra soft, broken-in feel right out of the box. 8-oz. 100% organic cotton. Beautiful sashiko slub texture. Washed for a worn in feel. Lightly washed to bring out the amazing texture. Two front slash front pockets. Two back patch button-through pockets. Custom SF map print pocketing, made with 100% organic cotton. Elastic waistband with drawcord. Elastic cuff at hem. Dark horn buttons. Button fly. 30"" inseam. Wash cold and tumble dry low."
Taylor Stitch,The Apres Pant,men's lounge pants,Mack Weldon,"Getting the best of both worlds is what Taylor Stitch's signature Après Pant is all about. With the cozy comfort of your favorite sweats, the dashing good looks of a trusty set of chinos, and all the hard wearing functionality you’ve come to expect from our expert craftsmen, The Après Pant is built to bring you from the couch, to the trail, to that last minute lunch date all without missing a step. This dimensional Natural Sashiko iteration has been given a heavy garment wash for an ultra soft, broken-in feel right out of the box. 8-oz. 100% organic cotton. Beautiful sashiko slub texture. Washed for a worn in feel. Lightly washed to bring out the amazing texture. Two front slash front pockets. Two back patch button-through pockets. Custom SF map print pocketing, made with 100% organic cotton. Elastic waistband with drawcord. Elastic cuff at hem. Dark horn buttons. Button fly. 30"" inseam. Wash cold and tumble dry low."
Taylor Stitch,The Apres Pant,men's lounge pants,Olivers,"Getting the best of both worlds is what Taylor Stitch's signature Après Pant is all about. With the cozy comfort of your favorite sweats, the dashing good looks of a trusty set of chinos, and all the hard wearing functionality you’ve come to expect from our expert craftsmen, The Après Pant is built to bring you from the couch, to the trail, to that last minute lunch date all without missing a step. This dimensional Natural Sashiko iteration has been given a heavy garment wash for an ultra soft, broken-in feel right out of the box. 8-oz. 100% organic cotton. Beautiful sashiko slub texture. Washed for a worn in feel. Lightly washed to bring out the amazing texture. Two front slash front pockets. Two back patch button-through pockets. Custom SF map print pocketing, made with 100% organic cotton. Elastic waistband with drawcord. Elastic cuff at hem. Dark horn buttons. Button fly. 30"" inseam. Wash cold and tumble dry low."
Taylor Stitch,The Apres Pant,men's lounge pants,Reigning Champ,"Getting the best of both worlds is what Taylor Stitch's signature Après Pant is all about. With the cozy comfort of your favorite sweats, the dashing good looks of a trusty set of chinos, and all the hard wearing functionality you’ve come to expect from our expert craftsmen, The Après Pant is built to bring you from the couch, to the trail, to that last minute lunch date all without missing a step. This dimensional Natural Sashiko iteration has been given a heavy garment wash for an ultra soft, broken-in feel right out of the box. 8-oz. 100% organic cotton. Beautiful sashiko slub texture. Washed for a worn in feel. Lightly washed to bring out the amazing texture. Two front slash front pockets. Two back patch button-through pockets. Custom SF map print pocketing, made with 100% organic cotton. Elastic waistband with drawcord. Elastic cuff at hem. Dark horn buttons. Button fly. 30"" inseam. Wash cold and tumble dry low."
Taylor Stitch,The Apres Pant,men's lounge pants,Nike,"Getting the best of both worlds is what Taylor Stitch's signature Après Pant is all about. With the cozy comfort of your favorite sweats, the dashing good looks of a trusty set of chinos, and all the hard wearing functionality you’ve come to expect from our expert craftsmen, The Après Pant is built to bring you from the couch, to the trail, to that last minute lunch date all without missing a step. This dimensional Natural Sashiko iteration has been given a heavy garment wash for an ultra soft, broken-in feel right out of the box. 8-oz. 100% organic cotton. Beautiful sashiko slub texture. Washed for a worn in feel. Lightly washed to bring out the amazing texture. Two front slash front pockets. Two back patch button-through pockets. Custom SF map print pocketing, made with 100% organic cotton. Elastic waistband with drawcord. Elastic cuff at hem. Dark horn buttons. Button fly. 30"" inseam. Wash cold and tumble dry low."
Taylor Stitch,The Apres Pant,men's lounge pants,Adidas,"Getting the best of both worlds is what Taylor Stitch's signature Après Pant is all about. With the cozy comfort of your favorite sweats, the dashing good looks of a trusty set of chinos, and all the hard wearing functionality you’ve come to expect from our expert craftsmen, The Après Pant is built to bring you from the couch, to the trail, to that last minute lunch date all without missing a step. This dimensional Natural Sashiko iteration has been given a heavy garment wash for an ultra soft, broken-in feel right out of the box. 8-oz. 100% organic cotton. Beautiful sashiko slub texture. Washed for a worn in feel. Lightly washed to bring out the amazing texture. Two front slash front pockets. Two back patch button-through pockets. Custom SF map print pocketing, made with 100% organic cotton. Elastic waistband with drawcord. Elastic cuff at hem. Dark horn buttons. Button fly. 30"" inseam. Wash cold and tumble dry low."
Taylor Stitch,The Apres Pant,men's lounge pants,Taylor Stitch,"Getting the best of both worlds is what Taylor Stitch's signature Après Pant is all about. With the cozy comfort of your favorite sweats, the dashing good looks of a trusty set of chinos, and all the hard wearing functionality you’ve come to expect from our expert craftsmen, The Après Pant is built to bring you from the couch, to the trail, to that last minute lunch date all without missing a step. This dimensional Natural Sashiko iteration has been given a heavy garment wash for an ultra soft, broken-in feel right out of the box. 8-oz. 100% organic cotton. Beautiful sashiko slub texture. Washed for a worn in feel. Lightly washed to bring out the amazing texture. Two front slash front pockets. Two back patch button-through pockets. Custom SF map print pocketing, made with 100% organic cotton. Elastic waistband with drawcord. Elastic cuff at hem. Dark horn buttons. Button fly. 30"" inseam. Wash cold and tumble dry low."
Taylor Stitch,The Ojai Jacket,men's chore coat,Alex Mill,"With its classic French chore coat silhouette that’s easy to dress up or down and an abundance of utility-focused features, it’s no wonder why The Ojai has become one of our most popular designs ever. This iteration is rendered in an organic cotton twill that’s reverse-engineered from deadstock military fabric, so it’ll stand up to years of hard wear and pick up incredible character along the way."
Taylor Stitch,The Ojai Jacket,men's chore coat,Universal Works,"With its classic French chore coat silhouette that’s easy to dress up or down and an abundance of utility-focused features, it’s no wonder why The Ojai has become one of our most popular designs ever. This iteration is rendered in an organic cotton twill that’s reverse-engineered from deadstock military fabric, so it’ll stand up to years of hard wear and pick up incredible character along the way."
Taylor Stitch,The Ojai Jacket,men's chore coat,Engineered Garments,"With its classic French chore coat silhouette that’s easy to dress up or down and an abundance of utility-focused features, it’s no wonder why The Ojai has become one of our most popular designs ever. This iteration is rendered in an organic cotton twill that’s reverse-engineered from deadstock military fabric, so it’ll stand up to years of hard wear and pick up incredible character along the way."
Taylor Stitch,The Ojai Jacket,men's chore coat,Carhartt WIP,"With its classic French chore coat silhouette that’s easy to dress up or down and an abundance of utility-focused features, it’s no wonder why The Ojai has become one of our most popular designs ever. This iteration is rendered in an organic cotton twill that’s reverse-engineered from deadstock military fabric, so it’ll stand up to years of hard wear and pick up incredible character along the way."
Taylor Stitch,The Ojai Jacket,men's chore coat,Norse Projects,"With its classic French chore coat silhouette that’s easy to dress up or down and an abundance of utility-focused features, it’s no wonder why The Ojai has become one of our most popular designs ever. This iteration is rendered in an organic cotton twill that’s reverse-engineered from deadstock military fabric, so it’ll stand up to years of hard wear and pick up incredible character along the way."
Taylor Stitch,The Ojai Jacket,men's chore coat,Faherty,"With its classic French chore coat silhouette that’s easy to dress up or down and an abundance of utility-focused features, it’s no wonder why The Ojai has become one of our most popular designs ever. This iteration is rendered in an organic cotton twill that’s reverse-engineered from deadstock military fabric, so it’ll stand up to years of hard wear and pick up incredible character along the way."
Taylor Stitch,The Ojai Jacket,men's chore coat,Wallace & Barnes,"With its classic French chore coat silhouette that’s easy to dress up or down and an abundance of utility-focused features, it’s no wonder why The Ojai has become one of our most popular designs ever. This iteration is rendered in an organic cotton twill that’s reverse-engineered from deadstock military fabric, so it’ll stand up to years of hard wear and pick up incredible character along the way."
Taylor Stitch,The Ojai Jacket,men's chore coat,Filson,"With its classic French chore coat silhouette that’s easy to dress up or down and an abundance of utility-focused features, it’s no wonder why The Ojai has become one of our most popular designs ever. This iteration is rendered in an organic cotton twill that’s reverse-engineered from deadstock military fabric, so it’ll stand up to years of hard wear and pick up incredible character along the way."
Taylor Stitch,The Ojai Jacket,men's chore coat,Barbour,"With its classic French chore coat silhouette that’s easy to dress up or down and an abundance of utility-focused features, it’s no wonder why The Ojai has become one of our most popular designs ever. This iteration is rendered in an organic cotton twill that’s reverse-engineered from deadstock military fabric, so it’ll stand up to years of hard wear and pick up incredible character along the way."
Taylor Stitch,The Ojai Jacket,men's chore coat,Levi's,"With its classic French chore coat silhouette that’s easy to dress up or down and an abundance of utility-focused features, it’s no wonder why The Ojai has become one of our most popular designs ever. This iteration is rendered in an organic cotton twill that’s reverse-engineered from deadstock military fabric, so it’ll stand up to years of hard wear and pick up incredible character along the way."
Taylor Stitch,The Ojai Jacket,men's chore coat,Taylor Stitch,"With its classic French chore coat silhouette that’s easy to dress up or down and an abundance of utility-focused features, it’s no wonder why The Ojai has become one of our most popular designs ever. This iteration is rendered in an organic cotton twill that’s reverse-engineered from deadstock military fabric, so it’ll stand up to years of hard wear and pick up incredible character along the way."
Taylor Stitch,The Organic Cotton Shop Tee,men's organic cotton t-shirt,Everlane,"The heavyweight champ of our tailored tee shirt lineup, The Organic Cotton Shop Tee is crafted from a burly organic cotton jersey with a subtle ribbed finish for increased stretch and comfort. Built to stand up to the most demanding of days, this one stays on hand all year long and gets better with every wear."
Taylor Stitch,The Organic Cotton Shop Tee,men's organic cotton t-shirt,Pact,"The heavyweight champ of our tailored tee shirt lineup, The Organic Cotton Shop Tee is crafted from a burly organic cotton jersey with a subtle ribbed finish for increased stretch and comfort. Built to stand up to the most demanding of days, this one stays on hand all year long and gets better with every wear."
Taylor Stitch,The Organic Cotton Shop Tee,men's organic cotton t-shirt,Alternative Apparel,"The heavyweight champ of our tailored tee shirt lineup, The Organic Cotton Shop Tee is crafted from a burly organic cotton jersey with a subtle ribbed finish for increased stretch and comfort. Built to stand up to the most demanding of days, this one stays on hand all year long and gets better with every wear."
Taylor Stitch,The Organic Cotton Shop Tee,men's organic cotton t-shirt,Kotn,"The heavyweight champ of our tailored tee shirt lineup, The Organic Cotton Shop Tee is crafted from a burly organic cotton jersey with a subtle ribbed finish for increased stretch and comfort. Built to stand up to the most demanding of days, this one stays on hand all year long and gets better with every wear."
Taylor Stitch,The Organic Cotton Shop Tee,men's organic cotton t-shirt,Tentree,"The heavyweight champ of our tailored tee shirt lineup, The Organic Cotton Shop Tee is crafted from a burly organic cotton jersey with a subtle ribbed finish for increased stretch and comfort. Built to stand up to the most demanding of days, this one stays on hand all year long and gets better with every wear."
Taylor Stitch,The Organic Cotton Shop Tee,men's organic cotton t-shirt,Outerknown,"The heavyweight champ of our tailored tee shirt lineup, The Organic Cotton Shop Tee is crafted from a burly organic cotton jersey with a subtle ribbed finish for increased stretch and comfort. Built to stand up to the most demanding of days, this one stays on hand all year long and gets better with every wear."
Taylor Stitch,The Organic Cotton Shop Tee,men's organic cotton t-shirt,Allbirds,"The heavyweight champ of our tailored tee shirt lineup, The Organic Cotton Shop Tee is crafted from a burly organic cotton jersey with a subtle ribbed finish for increased stretch and comfort. Built to stand up to the most demanding of days, this one stays on hand all year long and gets better with every wear."
Taylor Stitch,The Organic Cotton Shop Tee,men's organic cotton t-shirt,Patagonia,"The heavyweight champ of our tailored tee shirt lineup, The Organic Cotton Shop Tee is crafted from a burly organic cotton jersey with a subtle ribbed finish for increased stretch and comfort. Built to stand up to the most demanding of days, this one stays on hand all year long and gets better with every wear."
Taylor Stitch,The Organic Cotton Shop Tee,men's organic cotton t-shirt,Bombas,"The heavyweight champ of our tailored tee shirt lineup, The Organic Cotton Shop Tee is crafted from a burly organic cotton jersey with a subtle ribbed finish for increased stretch and comfort. Built to stand up to the most demanding of days, this one stays on hand all year long and gets better with every wear."
Taylor Stitch,The Organic Cotton Shop Tee,men's organic cotton t-shirt,Marine Layer,"The heavyweight champ of our tailored tee shirt lineup, The Organic Cotton Shop Tee is crafted from a burly organic cotton jersey with a subtle ribbed finish for increased stretch and comfort. Built to stand up to the most demanding of days, this one stays on hand all year long and gets better with every wear."
Taylor Stitch,The Organic Cotton Shop Tee,men's organic cotton t-shirt,Taylor Stitch,"The heavyweight champ of our tailored tee shirt lineup, The Organic Cotton Shop Tee is crafted from a burly organic cotton jersey with a subtle ribbed finish for increased stretch and comfort. Built to stand up to the most demanding of days, this one stays on hand all year long and gets better with every wear."
Ledge Lounger,Signature Chaise,in-pool chaise lounge,Laylo,"The Signature Chaise Lounger is the perfect companion for ultimate relaxation on your pool’s sun shelf, tanning ledge, baja shelf, sun deck, or any flat surface submerged in 0-9” of water. Its ergonomic design and water-friendly materials provide unparalleled comfort and support, allowing you to bask in the sun while enjoying a refreshing dip at the same time. Its curves are designed to conform to your body’s natural contours for your complete comfort. At the same time, the chaise’s timeless simplicity and clean aesthetic add a touch of elegance to your poolside scene, while its durable construction lets it stand up against all the elements."
Ledge Lounger,Signature Chaise,in-pool chaise lounge,Kai Shelf Lounger,"The Signature Chaise Lounger is the perfect companion for ultimate relaxation on your pool’s sun shelf, tanning ledge, baja shelf, sun deck, or any flat surface submerged in 0-9” of water. Its ergonomic design and water-friendly materials provide unparalleled comfort and support, allowing you to bask in the sun while enjoying a refreshing dip at the same time. Its curves are designed to conform to your body’s natural contours for your complete comfort. At the same time, the chaise’s timeless simplicity and clean aesthetic add a touch of elegance to your poolside scene, while its durable construction lets it stand up against all the elements."
Ledge Lounger,Signature Chaise,in-pool chaise lounge,Shayz,"The Signature Chaise Lounger is the perfect companion for ultimate relaxation on your pool’s sun shelf, tanning ledge, baja shelf, sun deck, or any flat surface submerged in 0-9” of water. Its ergonomic design and water-friendly materials provide unparalleled comfort and support, allowing you to bask in the sun while enjoying a refreshing dip at the same time. Its curves are designed to conform to your body’s natural contours for your complete comfort. At the same time, the chaise’s timeless simplicity and clean aesthetic add a touch of elegance to your poolside scene, while its durable construction lets it stand up against all the elements."
Ledge Lounger,Signature Chaise,in-pool chaise lounge,Step2,"The Signature Chaise Lounger is the perfect companion for ultimate relaxation on your pool’s sun shelf, tanning ledge, baja shelf, sun deck, or any flat surface submerged in 0-9” of water. Its ergonomic design and water-friendly materials provide unparalleled comfort and support, allowing you to bask in the sun while enjoying a refreshing dip at the same time. Its curves are designed to conform to your body’s natural contours for your complete comfort. At the same time, the chaise’s timeless simplicity and clean aesthetic add a touch of elegance to your poolside scene, while its durable construction lets it stand up against all the elements."
Ledge Lounger,Signature Chaise,in-pool chaise lounge,Aqua Chairs,"The Signature Chaise Lounger is the perfect companion for ultimate relaxation on your pool’s sun shelf, tanning ledge, baja shelf, sun deck, or any flat surface submerged in 0-9” of water. Its ergonomic design and water-friendly materials provide unparalleled comfort and support, allowing you to bask in the sun while enjoying a refreshing dip at the same time. Its curves are designed to conform to your body’s natural contours for your complete comfort. At the same time, the chaise’s timeless simplicity and clean aesthetic add a touch of elegance to your poolside scene, while its durable construction lets it stand up against all the elements."
Ledge Lounger,Signature Chaise,in-pool chaise lounge,Ledge Lounger,"The Signature Chaise Lounger is the perfect companion for ultimate relaxation on your pool’s sun shelf, tanning ledge, baja shelf, sun deck, or any flat surface submerged in 0-9” of water. Its ergonomic design and water-friendly materials provide unparalleled comfort and support, allowing you to bask in the sun while enjoying a refreshing dip at the same time. Its curves are designed to conform to your body’s natural contours for your complete comfort. At the same time, the chaise’s timeless simplicity and clean aesthetic add a touch of elegance to your poolside scene, while its durable construction lets it stand up against all the elements."
Ledge Lounger,Essential Umbrella,in-pool umbrella,Aqua Chairs,"Our multi-operational Essential Umbrella features an aluminum center pole and is ideal for both in-pool and on-deck use. High-quality materials, such as fiberglass ribs, sewn-in vents, and marine-grade fabrics make the Essential Umbrella resistant to wind, corrosion, rust, and warping. Choose from hundreds of canopy and pole combinations to create the perfect umbrella to match your personal style."
Ledge Lounger,Essential Umbrella,in-pool umbrella,Frontgate,"Our multi-operational Essential Umbrella features an aluminum center pole and is ideal for both in-pool and on-deck use. High-quality materials, such as fiberglass ribs, sewn-in vents, and marine-grade fabrics make the Essential Umbrella resistant to wind, corrosion, rust, and warping. Choose from hundreds of canopy and pole combinations to create the perfect umbrella to match your personal style."
Ledge Lounger,Essential Umbrella,in-pool umbrella,Purple Leaf,"Our multi-operational Essential Umbrella features an aluminum center pole and is ideal for both in-pool and on-deck use. High-quality materials, such as fiberglass ribs, sewn-in vents, and marine-grade fabrics make the Essential Umbrella resistant to wind, corrosion, rust, and warping. Choose from hundreds of canopy and pole combinations to create the perfect umbrella to match your personal style."
Ledge Lounger,Essential Umbrella,in-pool umbrella,Grand Patio,"Our multi-operational Essential Umbrella features an aluminum center pole and is ideal for both in-pool and on-deck use. High-quality materials, such as fiberglass ribs, sewn-in vents, and marine-grade fabrics make the Essential Umbrella resistant to wind, corrosion, rust, and warping. Choose from hundreds of canopy and pole combinations to create the perfect umbrella to match your personal style."
Ledge Lounger,Essential Umbrella,in-pool umbrella,Ledge Lounger,"Our multi-operational Essential Umbrella features an aluminum center pole and is ideal for both in-pool and on-deck use. High-quality materials, such as fiberglass ribs, sewn-in vents, and marine-grade fabrics make the Essential Umbrella resistant to wind, corrosion, rust, and warping. Choose from hundreds of canopy and pole combinations to create the perfect umbrella to match your personal style."
Ledge Lounger,Halo Firepit,propane outdoor fire pit,Ledge Lounger,"As the sun sets, it’s time to light up your nights with the new Ledge Halo Firepit. Built in Texas, and designed for your backyard with sturdy, high-quality materials, Halo is made for all seasons and all weather, ensuring your family enjoys its warmth and ambiance year-round. Made from powder-coated steel that is UV, weather, and rust resistant that offers the strongest life."
Ledge Lounger,Halo Firepit,propane outdoor fire pit,Telescope Casual,"As the sun sets, it’s time to light up your nights with the new Ledge Halo Firepit. Built in Texas, and designed for your backyard with sturdy, high-quality materials, Halo is made for all seasons and all weather, ensuring your family enjoys its warmth and ambiance year-round. Made from powder-coated steel that is UV, weather, and rust resistant that offers the strongest life."
Ledge Lounger,Halo Firepit,propane outdoor fire pit,Tropitone,"As the sun sets, it’s time to light up your nights with the new Ledge Halo Firepit. Built in Texas, and designed for your backyard with sturdy, high-quality materials, Halo is made for all seasons and all weather, ensuring your family enjoys its warmth and ambiance year-round. Made from powder-coated steel that is UV, weather, and rust resistant that offers the strongest life."
Ledge Lounger,Halo Firepit,propane outdoor fire pit,Castelle,"As the sun sets, it’s time to light up your nights with the new Ledge Halo Firepit. Built in Texas, and designed for your backyard with sturdy, high-quality materials, Halo is made for all seasons and all weather, ensuring your family enjoys its warmth and ambiance year-round. Made from powder-coated steel that is UV, weather, and rust resistant that offers the strongest life."
Ledge Lounger,Halo Firepit,propane outdoor fire pit,Hampton Bay,"As the sun sets, it’s time to light up your nights with the new Ledge Halo Firepit. Built in Texas, and designed for your backyard with sturdy, high-quality materials, Halo is made for all seasons and all weather, ensuring your family enjoys its warmth and ambiance year-round. Made from powder-coated steel that is UV, weather, and rust resistant that offers the strongest life."
Ledge Lounger,Hoopstr,in-pool basketball hoop,Dunn-Rite,"Upgrade your pool fun with the Ledge Lounger Hoopstr Pool Basketball Hoop. Weatherproof, adjustable, and durable – perfect for endless outdoor enjoyment. Order now!"
Ledge Lounger,Hoopstr,in-pool basketball hoop,GoSports,"Upgrade your pool fun with the Ledge Lounger Hoopstr Pool Basketball Hoop. Weatherproof, adjustable, and durable – perfect for endless outdoor enjoyment. Order now!"
Ledge Lounger,Hoopstr,in-pool basketball hoop,Step2,"Upgrade your pool fun with the Ledge Lounger Hoopstr Pool Basketball Hoop. Weatherproof, adjustable, and durable – perfect for endless outdoor enjoyment. Order now!"
Ledge Lounger,Hoopstr,in-pool basketball hoop,Ledge Lounger,"Upgrade your pool fun with the Ledge Lounger Hoopstr Pool Basketball Hoop. Weatherproof, adjustable, and durable – perfect for endless outdoor enjoyment. Order now!"
JAXXON,14k Gold Cuban Link Chain - 8mm,men's gold cuban chain 8mm,GLD,"Introducing our gold 8mm Stainless Steel Cuban Link Chain – a statement of timeless elegance and enduring strength. Crafted with precision and exceptional resiliency, this chain is designed to withstand tarnishing, corrosion, and daily wear. Elevate your style with its bold 8mm gauge and classic Cuban link design, making it the perfect choice for both casual and formal occasions."
JAXXON,14k Gold Cuban Link Chain - 8mm,men's gold cuban chain 8mm,Craftd London,"Introducing our gold 8mm Stainless Steel Cuban Link Chain – a statement of timeless elegance and enduring strength. Crafted with precision and exceptional resiliency, this chain is designed to withstand tarnishing, corrosion, and daily wear. Elevate your style with its bold 8mm gauge and classic Cuban link design, making it the perfect choice for both casual and formal occasions."
JAXXON,14k Gold Cuban Link Chain - 8mm,men's gold cuban chain 8mm,JAXXON,"Introducing our gold 8mm Stainless Steel Cuban Link Chain – a statement of timeless elegance and enduring strength. Crafted with precision and exceptional resiliency, this chain is designed to withstand tarnishing, corrosion, and daily wear. Elevate your style with its bold 8mm gauge and classic Cuban link design, making it the perfect choice for both casual and formal occasions."
JAXXON,14k Gold Cuban Link Chain - 8mm,men's gold cuban chain 8mm,King Ice,"Introducing our gold 8mm Stainless Steel Cuban Link Chain – a statement of timeless elegance and enduring strength. Crafted with precision and exceptional resiliency, this chain is designed to withstand tarnishing, corrosion, and daily wear. Elevate your style with its bold 8mm gauge and classic Cuban link design, making it the perfect choice for both casual and formal occasions."
JAXXON,14k Silver Cuban Link Chain - 8mm,men's silver cuban chain 8mm,GLD,"Introducing our silver 8mm stainless steel Cuban Link Chain – a statement of timeless elegance and enduring strength. Crafted with precision and exceptional resiliency, this chain is designed to withstand tarnishing, corrosion, and daily wear. Elevate your style with its bold 8mm gauge and classic Cuban link design, making it the perfect choice for any occasions."
JAXXON,14k Silver Cuban Link Chain - 8mm,men's silver cuban chain 8mm,Craftd London,"Introducing our silver 8mm stainless steel Cuban Link Chain – a statement of timeless elegance and enduring strength. Crafted with precision and exceptional resiliency, this chain is designed to withstand tarnishing, corrosion, and daily wear. Elevate your style with its bold 8mm gauge and classic Cuban link design, making it the perfect choice for any occasions."
JAXXON,14k Silver Cuban Link Chain - 8mm,men's silver cuban chain 8mm,JAXXON,"Introducing our silver 8mm stainless steel Cuban Link Chain – a statement of timeless elegance and enduring strength. Crafted with precision and exceptional resiliency, this chain is designed to withstand tarnishing, corrosion, and daily wear. Elevate your style with its bold 8mm gauge and classic Cuban link design, making it the perfect choice for any occasions."
JAXXON,14k Silver Cuban Link Chain - 8mm,men's silver cuban chain 8mm,King Ice,"Introducing our silver 8mm stainless steel Cuban Link Chain – a statement of timeless elegance and enduring strength. Crafted with precision and exceptional resiliency, this chain is designed to withstand tarnishing, corrosion, and daily wear. Elevate your style with its bold 8mm gauge and classic Cuban link design, making it the perfect choice for any occasions."
JAXXON,Franco Chain - 3mm,men's gold franco chain 3mm,GLD,"Inspired by the Cuban Link Chain, the gold Franco features two sets of links interlocked in a distinct V-shaped pattern for a strong, flexible, dimensional design. Complete your look with our men's 3mm Franco Bracelet"
JAXXON,Franco Chain - 3mm,men's gold franco chain 3mm,Craftd London,"Inspired by the Cuban Link Chain, the gold Franco features two sets of links interlocked in a distinct V-shaped pattern for a strong, flexible, dimensional design. Complete your look with our men's 3mm Franco Bracelet"
JAXXON,Franco Chain - 3mm,men's gold franco chain 3mm,JAXXON,"Inspired by the Cuban Link Chain, the gold Franco features two sets of links interlocked in a distinct V-shaped pattern for a strong, flexible, dimensional design. Complete your look with our men's 3mm Franco Bracelet"
JAXXON,Franco Chain - 3mm,men's gold franco chain 3mm,King Ice,"Inspired by the Cuban Link Chain, the gold Franco features two sets of links interlocked in a distinct V-shaped pattern for a strong, flexible, dimensional design. Complete your look with our men's 3mm Franco Bracelet"
JAXXON,Gold Cuban Link Bracelet - 3mm,mens gold cuban link bracelet 3mm,GLD,Our men’s gold 3mm Cuban Link Bracelet is the everyday bracelet your jewelry collection needs. This Italian-made 14k gold and 925 sterling silver men’s bracelet is meant for layering or for understated style. Pair with the 3mm Cuban Link Chain for a winning combination.
JAXXON,Gold Cuban Link Bracelet - 3mm,mens gold cuban link bracelet 3mm,Craftd London,Our men’s gold 3mm Cuban Link Bracelet is the everyday bracelet your jewelry collection needs. This Italian-made 14k gold and 925 sterling silver men’s bracelet is meant for layering or for understated style. Pair with the 3mm Cuban Link Chain for a winning combination.
JAXXON,Gold Cuban Link Bracelet - 3mm,mens gold cuban link bracelet 3mm,JAXXON,Our men’s gold 3mm Cuban Link Bracelet is the everyday bracelet your jewelry collection needs. This Italian-made 14k gold and 925 sterling silver men’s bracelet is meant for layering or for understated style. Pair with the 3mm Cuban Link Chain for a winning combination.
JAXXON,Gold Cuban Link Bracelet - 3mm,mens gold cuban link bracelet 3mm,King Ice,Our men’s gold 3mm Cuban Link Bracelet is the everyday bracelet your jewelry collection needs. This Italian-made 14k gold and 925 sterling silver men’s bracelet is meant for layering or for understated style. Pair with the 3mm Cuban Link Chain for a winning combination.
Tie Bar,Solid Satin Tie,men's satin tie,Ties.com,
Tie Bar,Solid Satin Tie,men's satin tie,Jos. A. Bank,
Tie Bar,Solid Satin Tie,men's satin tie,OTAA,
Tie Bar,Solid Satin Tie,men's satin tie,Brooks Brothers,
Tie Bar,Solid Satin Tie,men's satin tie,Men's Wearhouse,
Tie Bar,Solid Satin Tie,men's satin tie,The Black Tux,
Tie Bar,Solid Satin Tie,men's satin tie,Eton,
Tie Bar,Solid Satin Tie,men's satin tie,Joseph Abboud,
Tie Bar,Solid Satin Tie,men's satin tie,Suitsupply,
Tie Bar,Solid Satin Tie,men's satin tie,Charles Tyrwhitt,
Tie Bar,Relaxed Velvet Bow Tie,men's velvet bow tie,Ties.com,
Tie Bar,Relaxed Velvet Bow Tie,men's velvet bow tie,Jos. A. Bank,
Tie Bar,Relaxed Velvet Bow Tie,men's velvet bow tie,OTAA,
Tie Bar,Relaxed Velvet Bow Tie,men's velvet bow tie,Brooks Brothers,
Tie Bar,Relaxed Velvet Bow Tie,men's velvet bow tie,Men's Wearhouse,
Tie Bar,Relaxed Velvet Bow Tie,men's velvet bow tie,The Black Tux,
Tie Bar,Relaxed Velvet Bow Tie,men's velvet bow tie,Eton,
Tie Bar,Relaxed Velvet Bow Tie,men's velvet bow tie,Joseph Abboud,
Tie Bar,Relaxed Velvet Bow Tie,men's velvet bow tie,Suitsupply,
Tie Bar,Relaxed Velvet Bow Tie,men's velvet bow tie,Charles Tyrwhitt,
Tie Bar,Linen Row Pocket Square,men's pocket square,Ties.com,
Tie Bar,Linen Row Pocket Square,men's pocket square,Jos. A. Bank,
Tie Bar,Linen Row Pocket Square,men's pocket square,OTAA,
Tie Bar,Linen Row Pocket Square,men's pocket square,Brooks Brothers,
Tie Bar,Linen Row Pocket Square,men's pocket square,Men's Wearhouse,
Tie Bar,Linen Row Pocket Square,men's pocket square,The Black Tux,
Tie Bar,Linen Row Pocket Square,men's pocket square,Eton,
Tie Bar,Linen Row Pocket Square,men's pocket square,Joseph Abboud,
Tie Bar,Linen Row Pocket Square,men's pocket square,Suitsupply,
Tie Bar,Linen Row Pocket Square,men's pocket square,Charles Tyrwhitt,
Tie Bar,Incognito Floral Dress Socks,men's dress socks,Ties.com,
Tie Bar,Incognito Floral Dress Socks,men's dress socks,Jos. A. Bank,
Tie Bar,Incognito Floral Dress Socks,men's dress socks,OTAA,
Tie Bar,Incognito Floral Dress Socks,men's dress socks,Brooks Brothers,
Tie Bar,Incognito Floral Dress Socks,men's dress socks,Men's Wearhouse,
Tie Bar,Incognito Floral Dress Socks,men's dress socks,The Black Tux,
Tie Bar,Incognito Floral Dress Socks,men's dress socks,Eton,
Tie Bar,Incognito Floral Dress Socks,men's dress socks,Joseph Abboud,
Tie Bar,Incognito Floral Dress Socks,men's dress socks,Suitsupply,
Tie Bar,Incognito Floral Dress Socks,men's dress socks,Charles Tyrwhitt,
Tie Bar,Grosgrain Leather Belt,men's leather belt,Ties.com,
Tie Bar,Grosgrain Leather Belt,men's leather belt,Jos. A. Bank,
Tie Bar,Grosgrain Leather Belt,men's leather belt,OTAA,
Tie Bar,Grosgrain Leather Belt,men's leather belt,Brooks Brothers,
Tie Bar,Grosgrain Leather Belt,men's leather belt,Men's Wearhouse,
Tie Bar,Grosgrain Leather Belt,men's leather belt,The Black Tux,
Tie Bar,Grosgrain Leather Belt,men's leather belt,Eton,
Tie Bar,Grosgrain Leather Belt,men's leather belt,Joseph Abboud,
Tie Bar,Grosgrain Leather Belt,men's leather belt,Suitsupply,
Tie Bar,Grosgrain Leather Belt,men's leather belt,Charles Tyrwhitt,
Tie Bar,Non-Iron Dress Shirt,non-iron dress shirt,Brooks Brothers,
Tie Bar,Non-Iron Dress Shirt,non-iron dress shirt,Charles Tyrwhitt,
Tie Bar,Non-Iron Dress Shirt,non-iron dress shirt,J.Crew,
Tie Bar,Non-Iron Dress Shirt,non-iron dress shirt,Banana Republic,
Tie Bar,Non-Iron Dress Shirt,non-iron dress shirt,Nordstrom,
Tie Bar,Non-Iron Dress Shirt,non-iron dress shirt,Men's Wearhouse,
Tie Bar,Non-Iron Dress Shirt,non-iron dress shirt,L.L.Bean,
Tie Bar,Non-Iron Dress Shirt,non-iron dress shirt,Lands' End,
Tie Bar,Non-Iron Dress Shirt,non-iron dress shirt,Bonobos,
Tie Bar,Non-Iron Dress Shirt,non-iron dress shirt,Indochino,
Tie Bar,Knit Silk Tie,men's knit silk tie,Ties.com,
Tie Bar,Knit Silk Tie,men's knit silk tie,Jos. A. Bank,
Tie Bar,Knit Silk Tie,men's knit silk tie,OTAA,
Tie Bar,Knit Silk Tie,men's knit silk tie,Brooks Brothers,
Tie Bar,Knit Silk Tie,men's knit silk tie,Men's Wearhouse,
Tie Bar,Knit Silk Tie,men's knit silk tie,The Black Tux,
Tie Bar,Knit Silk Tie,men's knit silk tie,Eton,
Tie Bar,Knit Silk Tie,men's knit silk tie,Joseph Abboud,
Tie Bar,Knit Silk Tie,men's knit silk tie,Suitsupply,
Tie Bar,Knit Silk Tie,men's knit silk tie,Charles Tyrwhitt,
Tie Bar,Men's Polo Shirt,men's polo shirt,Ralph Lauren,
Tie Bar,Men's Polo Shirt,men's polo shirt,Lacoste,
Tie Bar,Men's Polo Shirt,men's polo shirt,J.Crew,
Tie Bar,Men's Polo Shirt,men's polo shirt,Bonobos,
Tie Bar,Men's Polo Shirt,men's polo shirt,Uniqlo,
Tie Bar,Men's Polo Shirt,men's polo shirt,Patagonia,
Tie Bar,Men's Polo Shirt,men's polo shirt,Lululemon,
Tie Bar,Men's Polo Shirt,men's polo shirt,Banana Republic,
Tie Bar,Men's Polo Shirt,men's polo shirt,Nordstrom,
Tie Bar,Men's Polo Shirt,men's polo shirt,Brooks Brothers,
Reference Brand,Reference Product,Search Query,Competitor Brand,
Boston Scally,The Boondock Collectors Edition,men's newsboy flat cap,Kangol,
Boston Scally,The Boondock Collectors Edition,men's newsboy flat cap,Brixton,
Boston Scally,The Boondock Collectors Edition,men's newsboy flat cap,Stetson,
Boston Scally,The Boondock Collectors Edition,men's newsboy flat cap,Bailey,
Boston Scally,The Boondock Collectors Edition,men's newsboy flat cap,Christys',
Boston Scally,The Boondock Collectors Edition,men's newsboy flat cap,Barbour,
Boston Scally,The Boondock Collectors Edition,men's newsboy flat cap,Carhartt,
Boston Scally,The Boondock Collectors Edition,men's newsboy flat cap,Goorin Bros,
Boston Scally,The Boondock Collectors Edition,men's newsboy flat cap,Dockpeckers,
Boston Scally,The Driver,men's driver cap,Kangol,
Boston Scally,The Driver,men's driver cap,Brixton,
Boston Scally,The Driver,men's driver cap,Stetson,
Boston Scally,The Driver,men's driver cap,Bailey,
Boston Scally,The Driver,men's driver cap,Christys',
Boston Scally,The Driver,men's driver cap,Goorin Bros,
Boston Scally,The Driver,men's driver cap,Barbour,
Boston Scally,The Driver,men's driver cap,Carhartt,
Boston Scally,The Driver,men's driver cap,Brixton,
Boston Scally,The Easter Rose Peaky,men's plaid newsboy cap,Kangol,
Boston Scally,The Easter Rose Peaky,men's plaid newsboy cap,Brixton,
Boston Scally,The Easter Rose Peaky,men's plaid newsboy cap,Stetson,
Boston Scally,The Easter Rose Peaky,men's plaid newsboy cap,Bailey,
Boston Scally,The Easter Rose Peaky,men's plaid newsboy cap,Christys',
Boston Scally,The Easter Rose Peaky,men's plaid newsboy cap,Goorin Bros,
Boston Scally,The Easter Rose Peaky,men's plaid newsboy cap,Barbour,
Boston Scally,The Easter Rose Peaky,men's plaid newsboy cap,Carhartt,
Boston Scally,The Easter Rose Peaky,men's plaid newsboy cap,Dockpeckers,
Boston Scally,Boston Scally Hoodie,men's hoodie,H&M,
Boston Scally,Boston Scally Hoodie,men's hoodie,Uniqlo,
Boston Scally,Boston Scally Hoodie,men's hoodie,Gap,
Boston Scally,Boston Scally Hoodie,men's hoodie,Everlane,
Boston Scally,Boston Scally Hoodie,men's hoodie,Champion,
Boston Scally,Boston Scally Hoodie,men's hoodie,Carhartt,
Boston Scally,Boston Scally Hoodie,men's hoodie,Supreme,
Boston Scally,Boston Scally Hoodie,men's hoodie,Nike,
Boston Scally,Boston Scally Hoodie,men's hoodie,Adidas,
Boston Scally,Boston Scally Hoodie,men's hoodie,American Apparel,
Boston Scally,Boston Scally T-Shirt,men's graphic t-shirt,Everlane,
Boston Scally,Boston Scally T-Shirt,men's graphic t-shirt,Uniqlo,
Boston Scally,Boston Scally T-Shirt,men's graphic t-shirt,H&M,
Boston Scally,Boston Scally T-Shirt,men's graphic t-shirt,Gap,
Boston Scally,Boston Scally T-Shirt,men's graphic t-shirt,Nike,
Boston Scally,Boston Scally T-Shirt,men's graphic t-shirt,Adidas,
Boston Scally,Boston Scally T-Shirt,men's graphic t-shirt,Urban Outfitters,
Boston Scally,Boston Scally T-Shirt,men's graphic t-shirt,Cotopaxi,
Boston Scally,Boston Scally T-Shirt,men's graphic t-shirt,Patagonia,
Boston Scally,Boston Scally T-Shirt,men's graphic t-shirt,American Apparel,
Pedal Mafia,Pro Delta Bib Black,men's cycling bib shorts,Rapha,
Pedal Mafia,Pro Delta Bib Black,men's cycling bib shorts,Castelli,
Pedal Mafia,Pro Delta Bib Black,men's cycling bib shorts,Assos,
Pedal Mafia,Pro Delta Bib Black,men's cycling bib shorts,Pearl Izumi,
Pedal Mafia,Pro Delta Bib Black,men's cycling bib shorts,Sportful,
Pedal Mafia,Pro Delta Bib Black,men's cycling bib shorts,MAAP,
Pedal Mafia,Pro Delta Bib Black,men's cycling bib shorts,Pactimo,
Pedal Mafia,Pro Delta Bib Black,men's cycling bib shorts,Endura,
Pedal Mafia,Pro Delta Bib Black,men's cycling bib shorts,Canyon,
Pedal Mafia,Pro Delta Bib Black,men's cycling bib shorts,Gobik,
Pedal Mafia,Core Jersey White/Black,men's cycling jersey,Rapha,
Pedal Mafia,Core Jersey White/Black,men's cycling jersey,Castelli,
Pedal Mafia,Core Jersey White/Black,men's cycling jersey,Assos,
Pedal Mafia,Core Jersey White/Black,men's cycling jersey,Pearl Izumi,
Pedal Mafia,Core Jersey White/Black,men's cycling jersey,Sportful,
Pedal Mafia,Core Jersey White/Black,men's cycling jersey,MAAP,
Pedal Mafia,Core Jersey White/Black,men's cycling jersey,Santini,
Pedal Mafia,Core Jersey White/Black,men's cycling jersey,Cafe du Cycliste,
Pedal Mafia,Core Jersey White/Black,men's cycling jersey,Pactimo,
Pedal Mafia,Core Jersey White/Black,men's cycling jersey,Gore Wear,
National Tree,Pre-Lit Downswept Douglas Fir Tree,pre-lit downswept douglas fir tree,Balsam Hill,
National Tree,Pre-Lit Downswept Douglas Fir Tree,pre-lit downswept douglas fir tree,Home Depot,
National Tree,Pre-Lit Downswept Douglas Fir Tree,pre-lit downswept douglas fir tree,Lowe's,
National Tree,Pre-Lit Downswept Douglas Fir Tree,pre-lit downswept douglas fir tree,Wayfair,
National Tree,Pre-Lit Downswept Douglas Fir Tree,pre-lit downswept douglas fir tree,Frontgate,
National Tree,Pre-Lit Downswept Douglas Fir Tree,pre-lit downswept douglas fir tree,Christmas Central,
National Tree,Pre-Lit Downswept Douglas Fir Tree,pre-lit downswept douglas fir tree,Amazon Basics,
National Tree,Pre-Lit Downswept Douglas Fir Tree,pre-lit downswept douglas fir tree,Costco,
National Tree,Pre-Lit Downswept Douglas Fir Tree,pre-lit downswept douglas fir tree,Michaels,
National Tree,Pre-Lit Downswept Douglas Fir Tree,pre-lit downswept douglas fir tree,Target,
National Tree,Unlit Dunhill Fir Tree,unlit dunhill fir tree,Balsam Hill,
National Tree,Unlit Dunhill Fir Tree,unlit dunhill fir tree,Home Depot,
National Tree,Unlit Dunhill Fir Tree,unlit dunhill fir tree,Lowe's,
National Tree,Unlit Dunhill Fir Tree,unlit dunhill fir tree,Wayfair,
National Tree,Unlit Dunhill Fir Tree,unlit dunhill fir tree,Frontgate,
National Tree,Unlit Dunhill Fir Tree,unlit dunhill fir tree,Christmas Central,
National Tree,Unlit Dunhill Fir Tree,unlit dunhill fir tree,Amazon Basics,
National Tree,Unlit Dunhill Fir Tree,unlit dunhill fir tree,Costco,
National Tree,Unlit Dunhill Fir Tree,unlit dunhill fir tree,Michaels,
National Tree,Unlit Dunhill Fir Tree,unlit dunhill fir tree,Target,
National Tree,Pre-Lit Carolina Pine Garland,pre-lit carolina pine garland,Balsam Hill,
National Tree,Pre-Lit Carolina Pine Garland,pre-lit carolina pine garland,Home Depot,
National Tree,Pre-Lit Carolina Pine Garland,pre-lit carolina pine garland,Lowe's,
National Tree,Pre-Lit Carolina Pine Garland,pre-lit carolina pine garland,Wayfair,
National Tree,Pre-Lit Carolina Pine Garland,pre-lit carolina pine garland,Frontgate,
National Tree,Pre-Lit Carolina Pine Garland,pre-lit carolina pine garland,Christmas Central,
National Tree,Pre-Lit Carolina Pine Garland,pre-lit carolina pine garland,Amazon Basics,
National Tree,Pre-Lit Carolina Pine Garland,pre-lit carolina pine garland,Costco,
National Tree,Pre-Lit Carolina Pine Garland,pre-lit carolina pine garland,Michaels,
National Tree,Pre-Lit Carolina Pine Garland,pre-lit carolina pine garland,Target,
National Tree,Pre-Lit Holiday Wreath,pre-lit christmas wreath,Balsam Hill,
National Tree,Pre-Lit Holiday Wreath,pre-lit christmas wreath,Home Depot,
National Tree,Pre-Lit Holiday Wreath,pre-lit christmas wreath,Lowe's,
National Tree,Pre-Lit Holiday Wreath,pre-lit christmas wreath,Wayfair,
National Tree,Pre-Lit Holiday Wreath,pre-lit christmas wreath,Frontgate,
National Tree,Pre-Lit Holiday Wreath,pre-lit christmas wreath,Christmas Central,
National Tree,Pre-Lit Holiday Wreath,pre-lit christmas wreath,Amazon Basics,
National Tree,Pre-Lit Holiday Wreath,pre-lit christmas wreath,Costco,
National Tree,Pre-Lit Holiday Wreath,pre-lit christmas wreath,Michaels,
National Tree,Pre-Lit Holiday Wreath,pre-lit christmas wreath,Target,
National Tree,Christmas Tree Skirt,christmas tree skirt,Balsam Hill,
National Tree,Christmas Tree Skirt,christmas tree skirt,Home Depot,
National Tree,Christmas Tree Skirt,christmas tree skirt,Lowe's,
National Tree,Christmas Tree Skirt,christmas tree skirt,Wayfair,
National Tree,Christmas Tree Skirt,christmas tree skirt,Frontgate,
National Tree,Christmas Tree Skirt,christmas tree skirt,Christmas Central,
National Tree,Christmas Tree Skirt,christmas tree skirt,Amazon Basics,
National Tree,Christmas Tree Skirt,christmas tree skirt,Costco,
National Tree,Christmas Tree Skirt,christmas tree skirt,Michaels,
National Tree,Christmas Tree Skirt,christmas tree skirt,Target,
PicturesOnGold,Miraculous Medal Pendant,miraculous medal necklace,The Catholic Company,
PicturesOnGold,Miraculous Medal Pendant,miraculous medal necklace,House of Joppa,
PicturesOnGold,Miraculous Medal Pendant,miraculous medal necklace,The Little Catholic,
PicturesOnGold,Miraculous Medal Pendant,miraculous medal necklace,Sisters of Carmel,
PicturesOnGold,Miraculous Medal Pendant,miraculous medal necklace,Stella & Tide,
PicturesOnGold,Saint Christopher Medal,saint christopher necklace,The Catholic Company,
PicturesOnGold,Saint Christopher Medal,saint christopher necklace,House of Joppa,
PicturesOnGold,Saint Christopher Medal,saint christopher necklace,The Little Catholic,
PicturesOnGold,Saint Christopher Medal,saint christopher necklace,Sisters of Carmel,
PicturesOnGold,Saint Christopher Medal,saint christopher necklace,Stella & Tide,
PicturesOnGold,Cross Pendant,cross pendant necklace,The Catholic Company,
PicturesOnGold,Cross Pendant,cross pendant necklace,House of Joppa,
PicturesOnGold,Cross Pendant,cross pendant necklace,The Little Catholic,
PicturesOnGold,Cross Pendant,cross pendant necklace,Sisters of Carmel,
PicturesOnGold,Cross Pendant,cross pendant necklace,Stella & Tide,
PicturesOnGold,Script Name Necklace,script name necklace,Zales,
PicturesOnGold,Script Name Necklace,script name necklace,Helzberg Diamonds,
PicturesOnGold,Script Name Necklace,script name necklace,BaubleBar,
PicturesOnGold,Script Name Necklace,script name necklace,Etsy,
PicturesOnGold,Script Name Necklace,script name necklace,Amazon Custom Jewelry,
PicturesOnGold,Heart Photo Pendant/Charm,heart photo pendant,Shutterfly,
PicturesOnGold,Heart Photo Pendant/Charm,heart photo pendant,Things Remembered,
PicturesOnGold,Heart Photo Pendant/Charm,heart photo pendant,Personal Creations,
PicturesOnGold,Heart Photo Pendant/Charm,heart photo pendant,Etsy,
PicturesOnGold,Heart Photo Pendant/Charm,heart photo pendant,Snapfish,
PicturesOnGold,Heart Photo Pendant/Charm,heart photo pendant,Photo Jewelry Direct,
PicturesOnGold,Heart Photo Pendant/Charm,heart photo pendant,Amazon Custom Jewelry,
PicturesOnGold,Heart Photo Pendant/Charm,heart photo pendant,Zales,
PicturesOnGold,Heart Photo Pendant/Charm,heart photo pendant,Kay Jewelers,
PicturesOnGold,Heart Photo Pendant/Charm,heart photo pendant,Walmart Photo,
PicturesOnGold,"14K Yellow Gold ""Always In My Heart"" Photo Locket",always in my heart photo locket,Shutterfly,
PicturesOnGold,"14K Yellow Gold ""Always In My Heart"" Photo Locket",always in my heart photo locket,Things Remembered,
PicturesOnGold,"14K Yellow Gold ""Always In My Heart"" Photo Locket",always in my heart photo locket,Personal Creations,
PicturesOnGold,"14K Yellow Gold ""Always In My Heart"" Photo Locket",always in my heart photo locket,Etsy,
PicturesOnGold,"14K Yellow Gold ""Always In My Heart"" Photo Locket",always in my heart photo locket,Snapfish,
PicturesOnGold,"14K Yellow Gold ""Always In My Heart"" Photo Locket",always in my heart photo locket,Photo Jewelry Direct,
PicturesOnGold,"14K Yellow Gold ""Always In My Heart"" Photo Locket",always in my heart photo locket,Amazon Custom Jewelry,
PicturesOnGold,"14K Yellow Gold ""Always In My Heart"" Photo Locket",always in my heart photo locket,Zales,
PicturesOnGold,"14K Yellow Gold ""Always In My Heart"" Photo Locket",always in my heart photo locket,Kay Jewelers,
PicturesOnGold,"14K Yellow Gold ""Always In My Heart"" Photo Locket",always in my heart photo locket,Walmart Photo,
PicturesOnGold,Custom Photo Engraved Bracelet,custom photo engraved bracelet,Shutterfly,
PicturesOnGold,Custom Photo Engraved Bracelet,custom photo engraved bracelet,Things Remembered,
PicturesOnGold,Custom Photo Engraved Bracelet,custom photo engraved bracelet,Personal Creations,
PicturesOnGold,Custom Photo Engraved Bracelet,custom photo engraved bracelet,Etsy,
PicturesOnGold,Custom Photo Engraved Bracelet,custom photo engraved bracelet,Snapfish,
PicturesOnGold,Custom Photo Engraved Bracelet,custom photo engraved bracelet,Photo Jewelry Direct,
PicturesOnGold,Custom Photo Engraved Bracelet,custom photo engraved bracelet,Amazon Custom Jewelry,
PicturesOnGold,Custom Photo Engraved Bracelet,custom photo engraved bracelet,Zales,
PicturesOnGold,Custom Photo Engraved Bracelet,custom photo engraved bracelet,Kay Jewelers,
PicturesOnGold,Custom Photo Engraved Bracelet,custom photo engraved bracelet,Walmart Photo,
Timex,Weekender Collection,men's casual analog watch,Citizen,
Timex,Weekender Collection,men's casual analog watch,Seiko,
Timex,Weekender Collection,men's casual analog watch,Casio,
Timex,Weekender Collection,men's casual analog watch,Fossil,
Timex,Weekender Collection,men's casual analog watch,Bulova,
Timex,Weekender Collection,men's casual analog watch,Hamilton,
Timex,Weekender Collection,men's casual analog watch,Orient,
Timex,Weekender Collection,men's casual analog watch,Tissot,
Timex,Weekender Collection,men's casual analog watch,Garmin,
Timex,Weekender Collection,men's casual analog watch,Skagen,
Timex,IRONMAN Classic 30-Lap,digital sport watch,Citizen,
Timex,IRONMAN Classic 30-Lap,digital sport watch,Seiko,
Timex,IRONMAN Classic 30-Lap,digital sport watch,Casio,
Timex,IRONMAN Classic 30-Lap,digital sport watch,Fossil,
Timex,IRONMAN Classic 30-Lap,digital sport watch,Bulova,
Timex,IRONMAN Classic 30-Lap,digital sport watch,Hamilton,
Timex,IRONMAN Classic 30-Lap,digital sport watch,Orient,
Timex,IRONMAN Classic 30-Lap,digital sport watch,Tissot,
Timex,IRONMAN Classic 30-Lap,digital sport watch,Garmin,
Timex,IRONMAN Classic 30-Lap,digital sport watch,Skagen,
Timex,Marlin Automatic,automatic mechanical watch,Citizen,
Timex,Marlin Automatic,automatic mechanical watch,Seiko,
Timex,Marlin Automatic,automatic mechanical watch,Casio,
Timex,Marlin Automatic,automatic mechanical watch,Fossil,
Timex,Marlin Automatic,automatic mechanical watch,Bulova,
Timex,Marlin Automatic,automatic mechanical watch,Hamilton,
Timex,Marlin Automatic,automatic mechanical watch,Orient,
Timex,Marlin Automatic,automatic mechanical watch,Tissot,
Timex,Marlin Automatic,automatic mechanical watch,Garmin,
Timex,Marlin Automatic,automatic mechanical watch,Skagen,
Timex,Expedition Scout,field watch,Citizen,
Timex,Expedition Scout,field watch,Seiko,
Timex,Expedition Scout,field watch,Casio,
Timex,Expedition Scout,field watch,Fossil,
Timex,Expedition Scout,field watch,Bulova,
Timex,Expedition Scout,field watch,Hamilton,
Timex,Expedition Scout,field watch,Orient,
Timex,Expedition Scout,field watch,Tissot,
Timex,Expedition Scout,field watch,Garmin,
Timex,Expedition Scout,field watch,Skagen,
Timex,Fairfield Chronograph,minimalist chronograph watch,Citizen,
Timex,Fairfield Chronograph,minimalist chronograph watch,Seiko,
Timex,Fairfield Chronograph,minimalist chronograph watch,Casio,
Timex,Fairfield Chronograph,minimalist chronograph watch,Fossil,
Timex,Fairfield Chronograph,minimalist chronograph watch,Bulova,
Timex,Fairfield Chronograph,minimalist chronograph watch,Hamilton,
Timex,Fairfield Chronograph,minimalist chronograph watch,Orient,
Timex,Fairfield Chronograph,minimalist chronograph watch,Tissot,
Timex,Fairfield Chronograph,minimalist chronograph watch,Garmin,
Timex,Fairfield Chronograph,minimalist chronograph watch,Skagen,
