catalog_id,merchant,price,currency,in_stock,timestamp
prod_6fa8b3f64bf24687952ac521d283a48d,Ledge Lounger,4399,USD,TRUE,4/15/2025 10:59
prod_5da9c1aaa5b44f3da3da9f1e87f3abe6,Ledge Lounger,2099,USD,TRUE,4/15/2025 10:59
prod_403f7f4c074142d98a9e359419b94912,Ledge Lounger,8900,USD,TRUE,4/15/2025 10:59
prod_5bbf066888e04630826d5f22d1f70a0f,Ledge Lounger,999,USD,TRUE,4/15/2025 10:59
prod_c4dc28ddd0a14975b24b80d4ec13b161,Ledge Lounger,3495,USD,TRUE,4/15/2025 10:59
prod_294ab7139f4648e08f4fdd5dffcb2457,Ledge Lounger,2299,USD,TRUE,4/15/2025 10:59
prod_dd87948a503e43ca91f773cb82c3c138,Ledge Lounger,969,USD,TRUE,4/15/2025 10:59
prod_cc17020d9c35424a84faef4acc5dd6eb,Ledge Lounger,199,USD,TRUE,4/15/2025 10:59
prod_cc17020d9c35424a84faef4acc5dd6eb,Ledge Lounger,199,USD,TRUE,4/14/2025 15:41
prod_f5e2d944455e4da2a0e85d1f878e9297,Taylor Stitch,76.8,USD,TRUE,4/15/2025 10:59
prod_f5e2d944455e4da2a0e85d1f878e9297,Taylor Stitch,76.8,USD,TRUE,4/14/2025 15:41
prod_7383869abdb6439f99d92ccbb44ddbc7,Taylor Stitch,138,USD,TRUE,4/15/2025 10:59
prod_7383869abdb6439f99d92ccbb44ddbc7,Taylor Stitch,138,USD,TRUE,4/14/2025 15:41
prod_0107b1ca56f14fca86288bf46ea95969,Taylor Stitch,168,USD,TRUE,4/15/2025 10:59
prod_0107b1ca56f14fca86288bf46ea95969,Taylor Stitch,168,USD,TRUE,4/14/2025 15:41
prod_b7668c4512b34b3781aa91c5ffb34db8,Taylor Stitch,118,USD,TRUE,4/15/2025 10:59
prod_b7668c4512b34b3781aa91c5ffb34db8,Taylor Stitch,118,USD,TRUE,4/14/2025 15:41
prod_cc26525944e54fa5bd0930249295ebf4,Manready Mercantile,138,USD,TRUE,4/15/2025 10:59
prod_cc26525944e54fa5bd0930249295ebf4,Manready Mercantile,138,USD,TRUE,4/14/2025 15:41
prod_edf2f602b6fd4e76b4ad1922927a95c8,Taylor Stitch,138,USD,TRUE,4/15/2025 10:59
prod_edf2f602b6fd4e76b4ad1922927a95c8,Taylor Stitch,138,USD,TRUE,4/14/2025 15:41
prod_ac3c0c240fd446a8995e2efab54b59c1,eBay - the.deal.ninja,89.99,USD,TRUE,4/15/2025 10:59
prod_bf20366a69f04d7ea13a390f23112529,Taylor Stitch,118,USD,TRUE,4/15/2025 10:59
prod_a09d2946928948be85d6f792b6da0559,Taylor Stitch,138,USD,TRUE,4/15/2025 10:59
prod_a09d2946928948be85d6f792b6da0559,Taylor Stitch,138,USD,TRUE,4/14/2025 15:41
prod_bbd7e8204dc24a79b0730a11c7037e9c,Taylor Stitch,118,USD,TRUE,4/15/2025 10:59
prod_fe5b39059a994480ad60accd87f1ef1c,Taylor Stitch,118,USD,TRUE,4/15/2025 10:59
prod_fe5b39059a994480ad60accd87f1ef1c,Taylor Stitch,118,USD,TRUE,4/14/2025 15:41
prod_6051ab8a9f7a43f6b9f6034c459cf8e8,eBay - brcexchange2000,24.99,USD,TRUE,4/15/2025 10:59
prod_c17a850686be47d888fa40f04b7c2d87,Mizzen+Main,99,USD,TRUE,4/15/2025 10:59
prod_e8c0bfb71c7f405d902ea80c05d98c8d,Mizzen+Main,138,USD,TRUE,4/15/2025 10:59
prod_e8c0bfb71c7f405d902ea80c05d98c8d,Mizzen+Main,138,USD,TRUE,4/14/2025 15:41
prod_8ccaae807c50427db9586c2c8bd17eb1,Mizzen+Main,99,USD,TRUE,4/15/2025 10:59
prod_8ccaae807c50427db9586c2c8bd17eb1,Mizzen+Main,99,USD,TRUE,4/14/2025 15:41
prod_d30a05b166fc48bdaddddfcc685241f7,Mizzen+Main,118,USD,TRUE,4/15/2025 10:59
prod_d30a05b166fc48bdaddddfcc685241f7,Mizzen+Main,118,USD,TRUE,4/14/2025 15:41
prod_101c67bbdf504884a943c598eb94d672,Mizzen+Main,138,USD,TRUE,4/15/2025 10:59
prod_101c67bbdf504884a943c598eb94d672,Mizzen+Main,138,USD,TRUE,4/14/2025 15:41
prod_7747a415241444fe980676c7c5e30571,Mizzen+Main,178,USD,TRUE,4/15/2025 10:59
prod_7747a415241444fe980676c7c5e30571,Mizzen+Main,178,USD,TRUE,4/14/2025 15:41
prod_f760f41777c1494bb73ac98800b0b6cd,Mizzen+Main,178,USD,TRUE,4/15/2025 10:59
prod_9aab9f36fd9b4b55b365081b851b7068,Mizzen+Main,119,USD,TRUE,4/15/2025 10:59
prod_58bd1a4309274f56b3580fa3b814741e,Mizzen+Main,138,USD,TRUE,4/15/2025 10:59
prod_58bd1a4309274f56b3580fa3b814741e,Mizzen+Main,138,USD,TRUE,4/14/2025 15:41
prod_5849c25cc71b4be1ae4ef50db514a267,Mizzen+Main,99,USD,TRUE,4/15/2025 10:59
prod_d37934e8d1cd4aee8af29f4c09d9f1e9,Taylor Stitch,188,USD,TRUE,4/14/2025 15:41
prod_ef1d1206861e4e55854248a0a9239ab4,Taylor Stitch,228,USD,TRUE,4/15/2025 10:59
prod_ef1d1206861e4e55854248a0a9239ab4,Taylor Stitch,228,USD,TRUE,4/14/2025 15:41
prod_286917e0b8794d879c660952aaecd1a7,Taylor Stitch,138.6,USD,TRUE,4/15/2025 10:59
prod_286917e0b8794d879c660952aaecd1a7,Taylor Stitch,138.6,USD,TRUE,4/14/2025 15:41
prod_e18155607d5446cfaed3b4aed7bb5f0f,eBay - the.deal.ninja,149.99,USD,TRUE,4/15/2025 10:59
prod_189962ac7d174d1597f143585cb310da,Taylor Stitch,198,USD,TRUE,4/15/2025 10:59
prod_189962ac7d174d1597f143585cb310da,Taylor Stitch,198,USD,TRUE,4/14/2025 15:41
prod_17f5735cffa84778ab808c52b026ea2a,Carhartt Work in Progress,145,USD,TRUE,4/15/2025 10:59
prod_db8b0c6cf5204b0382deb829137884eb,Carhartt Work in Progress,128,USD,TRUE,4/15/2025 10:59
prod_6f4cd2fb0e9441faa88c8a5d97a91352,High Class Hillbilly,225,USD,FALSE,4/15/2025 10:59
prod_f5bd547967c14c9fa0a955409f2654bb,Levi's,128,USD,FALSE,4/15/2025 10:59
prod_f5bd547967c14c9fa0a955409f2654bb,Levi's,128,USD,FALSE,4/14/2025 15:41
prod_e171515d35774170a39b239a9c5fd5d5,Levi's,74.98,USD,FALSE,4/15/2025 10:59
prod_e171515d35774170a39b239a9c5fd5d5,Levi's,74.98,USD,FALSE,4/14/2025 15:41
prod_ac68aaa5d7df44f48489e7d39a384615,Etsy - slayvin,97.75,USD,FALSE,4/15/2025 10:59
prod_dfcbf85f5b754a34a0d663df2b0cbfb4,eBay - rade7266,80.25,USD,FALSE,4/15/2025 10:59
prod_dfcbf85f5b754a34a0d663df2b0cbfb4,eBay - rade7266,80.25,USD,FALSE,4/14/2025 15:41
prod_0ca2bfe7543543eebf7c7a0c74672c2c,Amazon.com,73.85,USD,TRUE,4/15/2025 10:59
prod_d442fb53af2c4a22b6b53676a7bf157d,Amazon.com,47.16,USD,TRUE,4/15/2025 10:59
prod_a9b621555f16422ba4db5d89e0f32d13,Kohl's,78,USD,TRUE,4/15/2025 10:59
prod_a9b621555f16422ba4db5d89e0f32d13,Lyst,60,USD,FALSE,4/14/2025 15:41
prod_f6d754204702464d80c1734a10bdce72,eBay - rigoyer28,74.28,USD,TRUE,4/15/2025 10:59
prod_972e8ae88f334b3a919416517656346d,Amazon.com,70,USD,TRUE,4/15/2025 10:59
prod_5514909dcd5541328254e0c3208f8ff5,Taylor Stitch,125,USD,TRUE,4/15/2025 10:59
prod_53b189a201374f31a0e00e2e26dfd1dc,eBay - spotisbuff,95,USD,FALSE,4/14/2025 15:41
prod_c25cd6adfbb344b39aab280300cf0105,Taylor Stitch,118,USD,TRUE,4/15/2025 10:59
prod_8931a3b796f34c9e92afd714cb7d5ea8,Fountainhead NY,118,USD,FALSE,4/15/2025 10:59
prod_c67949773ec6486f8226b963845bc8b2,Fountainhead NY,118,USD,FALSE,4/15/2025 10:59
prod_2ac76ba403b44960aad645ff54cbae0d,Taylor Stitch,138,USD,TRUE,4/15/2025 10:59
prod_2ac76ba403b44960aad645ff54cbae0d,Taylor Stitch,138,USD,TRUE,4/14/2025 15:41
prod_1c86f88a290e4b98a96da251cc83b1ed,Poshmark,42,USD,FALSE,4/15/2025 10:59
prod_65790d7149a840979d5f40b46bbb90c2,Taylor Stitch,138,USD,TRUE,4/15/2025 10:59
prod_65790d7149a840979d5f40b46bbb90c2,Taylor Stitch,138,USD,TRUE,4/14/2025 15:41
prod_edf2f602b6fd4e76b4ad1922927a95c8,Taylor Stitch,138,USD,TRUE,4/15/2025 10:59
prod_9e94dbb2e19f4a238a734852598d4d15,Journeyman Co,118,USD,TRUE,4/15/2025 10:59
prod_9e94dbb2e19f4a238a734852598d4d15,Journeyman Co,118,USD,TRUE,4/14/2025 15:41
prod_6f2bba4cf5b748e6aa957c70ebe38ef8,Huckberry,148,USD,TRUE,4/15/2025 10:59
prod_cc83e19ca1874c91a6197c5066996830,Taylor Stitch,96.6,USD,TRUE,4/14/2025 15:41
prod_c5278d9b044d44bc82f3c6bce8931b7f,Taylor Stitch,125,USD,TRUE,4/15/2025 10:59
prod_c5278d9b044d44bc82f3c6bce8931b7f,Taylor Stitch,125,USD,TRUE,4/14/2025 15:41
prod_9be85bb34942471283e95d300a70aee8,eBay - the.deal.ninja,89.99,USD,TRUE,4/15/2025 10:59
prod_9be85bb34942471283e95d300a70aee8,eBay - the.deal.ninja,89.99,USD,TRUE,4/14/2025 15:41
prod_6c224a0c7f024ab5ace9eb3d94a6ae78,Taylor Stitch,88.8,USD,TRUE,4/15/2025 10:59
prod_f5e2d944455e4da2a0e85d1f878e9297,Taylor Stitch,76.8,USD,TRUE,4/15/2025 10:59
prod_f5e2d944455e4da2a0e85d1f878e9297,Taylor Stitch,76.8,USD,TRUE,4/14/2025 15:41
prod_a132bcffbea04194b737f92fabd9e0be,Filson,101.5,USD,TRUE,4/15/2025 10:59
prod_a132bcffbea04194b737f92fabd9e0be,Filson,101.5,USD,TRUE,4/14/2025 15:41
prod_e6614dfe97fa4a78a0f25977d58ccf13,Geartrade.com,58,USD,FALSE,4/15/2025 10:59
prod_3aef33bd3733482c982aa154c977282c,Barn Owl Vintage Goods,85,USD,TRUE,4/15/2025 10:59
prod_3aef33bd3733482c982aa154c977282c,Barn Owl Vintage Goods,85,USD,TRUE,4/14/2025 15:41
prod_7441152fe66e49cd83dcc938eb37c6cd,Filson,98,USD,TRUE,4/15/2025 10:59
prod_74073ebb1e064656b927361848db1b5e,Filson,145,USD,TRUE,4/15/2025 10:59
prod_4598ddef9cf84e91b743565223b35734,Backcountry.com,250,USD,TRUE,4/15/2025 10:59
prod_4598ddef9cf84e91b743565223b35734,Filson,250,USD,TRUE,4/14/2025 15:41
prod_ed48492729be483f9835a66be93d7264,eBay - patrifit,89.99,USD,FALSE,4/15/2025 10:59
prod_d92e6c19757d471996b91eb50adcd6f5,King Ice,50,USD,FALSE,4/15/2025 10:59
prod_d92e6c19757d471996b91eb50adcd6f5,King Ice,50,USD,FALSE,4/14/2025 15:41
prod_1756d2b46f824aa2b1d392d9912b49b6,King Ice,260,USD,FALSE,4/14/2025 15:41
prod_5daddfcae4d5498ea6a4515b65ac736e,Zumiez,64.99,USD,TRUE,4/15/2025 10:59
prod_5daddfcae4d5498ea6a4515b65ac736e,Zumiez,64.99,USD,TRUE,4/14/2025 15:41
prod_243b922ee288457c9a8e9300466224d4,DK Hardware,802.46,USD,FALSE,4/15/2025 10:59
prod_243b922ee288457c9a8e9300466224d4,Dunnrite Pool Products,549.99,USD,TRUE,4/14/2025 15:41
prod_a9e901214e334aa5af767cfd16b20543,Amazon.com - Seller,349.99,USD,TRUE,4/15/2025 10:59
prod_a9e901214e334aa5af767cfd16b20543,Amazon.com - Seller,349.99,USD,TRUE,4/14/2025 15:41
prod_0d27438c49a841668b496d9a63e2f334,Leslie's Pool Supplies,29.99,USD,FALSE,4/15/2025 10:59
prod_0d27438c49a841668b496d9a63e2f334,InTheSwim Pool Supplies,26.99,USD,FALSE,4/14/2025 15:41
prod_b199e1997b0041ef9e317e238bce5718,Amazon.com - Seller,399.99,USD,TRUE,4/15/2025 10:59
prod_b199e1997b0041ef9e317e238bce5718,DICK'S Sporting Goods,399.99,USD,FALSE,4/14/2025 15:41
prod_84ab32f30d204a69aef3c50c14c09371,DICK'S Sporting Goods,189.99,USD,FALSE,4/15/2025 10:59
prod_84ab32f30d204a69aef3c50c14c09371,DICK'S Sporting Goods,189.99,USD,FALSE,4/14/2025 15:41
prod_96a12e6fd8914998bb2da054b4bbf76e,DICK'S Sporting Goods,169.99,USD,TRUE,4/15/2025 10:59
prod_96a12e6fd8914998bb2da054b4bbf76e,Walmart - Dunn-Rite Products,159.99,USD,TRUE,4/14/2025 15:41
prod_67632357aba44f149c310a8018cef6e0,InTheSwim Pool Supplies,169.99,USD,TRUE,4/15/2025 10:59
prod_94420aa0d71b4185a65681deba4682c0,DICK'S Sporting Goods,299.99,USD,TRUE,4/15/2025 10:59
prod_94420aa0d71b4185a65681deba4682c0,DICK'S Sporting Goods,299.99,USD,TRUE,4/14/2025 15:41
prod_1e64d898056045e4a8bf2f71dd37f2b0,adidas,140,USD,FALSE,4/14/2025 15:41
prod_f0e4afeca1024f339d5498abf7a26dcc,adidas,90,USD,FALSE,4/14/2025 15:41
prod_2cefe2c44aec4ef2985a1538f0a7f459,adidas,67.5,USD,FALSE,4/15/2025 10:59
prod_43def1f4047f4bd19c7b864313000971,adidas,24,USD,FALSE,4/15/2025 10:59
prod_43def1f4047f4bd19c7b864313000971,adidas,32,USD,FALSE,4/14/2025 15:41
prod_48ccd6ce566a4aacaa907392fa7e3cad,adidas,60,USD,FALSE,4/15/2025 10:59
prod_48ccd6ce566a4aacaa907392fa7e3cad,adidas,80,USD,FALSE,4/14/2025 15:41
prod_df473782fa7b486fbbc3340e2417bacc,adidas,80,USD,FALSE,4/14/2025 15:41
prod_cec5479bc119425a81831fa7733c8f29,Everlane,45,USD,FALSE,4/15/2025 10:59
prod_cec5479bc119425a81831fa7733c8f29,Everlane,45,USD,FALSE,4/14/2025 15:41
prod_53fc1d59e9344bed9c367d4bc448cbde,Everlane,11,USD,FALSE,4/15/2025 10:59
prod_53fc1d59e9344bed9c367d4bc448cbde,Everlane,11,USD,FALSE,4/14/2025 15:41
prod_b784e6b6a3d54700aeb4920c0abb5e40,Editorialist,30,USD,FALSE,4/15/2025 10:59
prod_99fc70d3ffc24b1fb740eadd1ea43c0b,eBay,20,USD,FALSE,4/15/2025 10:59
prod_99fc70d3ffc24b1fb740eadd1ea43c0b,eBay,20,USD,FALSE,4/14/2025 15:41
prod_0a8558f3f55a43079c6e46e256c55f8e,Everlane,45,USD,FALSE,4/15/2025 10:59
prod_47a90dafaa1f45efbd52f7d5a2d98cee,Poshmark,32,USD,FALSE,4/15/2025 10:59
prod_47a90dafaa1f45efbd52f7d5a2d98cee,Poshmark,32,USD,FALSE,4/14/2025 15:41
prod_8b218348339e4ae9ae9d5b27bb376b85,Editorialist,30,USD,FALSE,4/15/2025 10:59
prod_128e3e59796845509d391069e7242eda,Everlane,45,USD,FALSE,4/15/2025 10:59
prod_df2d884231ce4794b98dd6be2ca4b897,Frontgate,152.15,USD,FALSE,4/15/2025 10:59
prod_fecfa16c7e9d4cffb65f056faadeaf3d,Frontgate,699.97,USD,FALSE,4/15/2025 10:59
prod_411ae9669429474baebff24759dac18e,Frontgate,764.15,USD,FALSE,4/15/2025 10:59
prod_411ae9669429474baebff24759dac18e,Frontgate,764.15,USD,FALSE,4/14/2025 15:41
prod_bc5f2609d61a4f49b5a443b5dc9e47c4,Frontgate,899.1,USD,FALSE,4/15/2025 10:59
prod_bc5f2609d61a4f49b5a443b5dc9e47c4,Frontgate,899.1,USD,FALSE,4/14/2025 15:41
prod_91e3264382eb4adaa1ab3fc6a77f9459,Bonobos,99,USD,TRUE,4/15/2025 10:59
prod_91e3264382eb4adaa1ab3fc6a77f9459,Bonobos,99,USD,TRUE,4/14/2025 15:41
prod_5aa817e2b7a14b219bbf113b05ffa48b,Bonobos,49,USD,TRUE,4/15/2025 10:59
prod_5aa817e2b7a14b219bbf113b05ffa48b,Bonobos,49,USD,TRUE,4/14/2025 15:41
prod_f3c67134be014f3c937beb89d8faab29,Bonobos,99,USD,TRUE,4/15/2025 10:59
prod_f3c84f36e05744a680387949c5fa5f2d,Bonobos,69.3,USD,TRUE,4/15/2025 10:59
prod_f3c84f36e05744a680387949c5fa5f2d,Bonobos,99,USD,TRUE,4/14/2025 15:41
prod_b3f3175c1afe43bca6650ba83ca752d2,Bonobos,41.3,USD,TRUE,4/15/2025 10:59
prod_b749a1f871de41739c5efdc2b8020c38,Bonobos,99,USD,TRUE,4/15/2025 10:59
prod_40a457e100fa47d980f2c0ca023746e0,Bonobos,99,USD,TRUE,4/14/2025 15:41
prod_70fa57c3d46b4b26b698ca8e08b7f0f1,Bonobos,83.3,USD,TRUE,4/15/2025 10:59
prod_88cc3308013042fdae19e6637a5ba1ea,Bonobos,99,USD,TRUE,4/15/2025 10:59
prod_88cc3308013042fdae19e6637a5ba1ea,Bonobos,99,USD,TRUE,4/14/2025 15:41
prod_e83343a726bc4f9ba9dabb17ec26eba6,Bonobos,62.3,USD,TRUE,4/15/2025 10:59
prod_e83343a726bc4f9ba9dabb17ec26eba6,Bonobos,89,USD,TRUE,4/14/2025 15:41
prod_2a43260d96fe446b8da639d74402df00,Bonobos,119,USD,TRUE,4/15/2025 10:59
prod_2a43260d96fe446b8da639d74402df00,Bonobos,119,USD,TRUE,4/14/2025 15:41
prod_892b02e2098c40828c74ffe3fcafc21b,Bonobos,99,USD,TRUE,4/15/2025 10:59
prod_892b02e2098c40828c74ffe3fcafc21b,Bonobos,99,USD,TRUE,4/14/2025 15:41
prod_8065856a82334c278fb2467cdd38d5d9,Bonobos,62.3,USD,TRUE,4/15/2025 10:59
prod_8065856a82334c278fb2467cdd38d5d9,Bonobos,89,USD,TRUE,4/14/2025 15:41
prod_a87b39d226fb496788c987d422ab0579,Bonobos,34.3,USD,TRUE,4/15/2025 10:59
prod_a87b39d226fb496788c987d422ab0579,Bonobos,49,USD,TRUE,4/14/2025 15:41
prod_d3d9283503ef44d5b033e5d58ba48ae5,Bonobos,55.3,USD,TRUE,4/15/2025 10:59
prod_5115295d1c8c4b8e8c1c167f821b55c2,Bonobos,149,USD,TRUE,4/15/2025 10:59
prod_38993754a5af4b9d815433b2cdd2779b,Outerknown,168,USD,TRUE,4/15/2025 10:59
prod_360e7bb94bfb4e34885370493c4a9ef5,eBay,118,USD,TRUE,4/15/2025 10:59
prod_360e7bb94bfb4e34885370493c4a9ef5,eBay,118,USD,TRUE,4/14/2025 15:41
prod_c4f02048e55b4913aa886ebd6520b484,The RealReal,21,USD,FALSE,4/15/2025 10:59
prod_44b729d417f34c6aafb22e66f47c7da7,Poshmark,98,USD,FALSE,4/14/2025 15:41
prod_973e5407b14d4bee9bf96bda49112158,Outerknown,78,USD,TRUE,4/15/2025 10:59
prod_973e5407b14d4bee9bf96bda49112158,Outerknown,78,USD,TRUE,4/14/2025 15:41
prod_7842f49e92a348759484cbf711e30eee,Outerknown,48,USD,TRUE,4/15/2025 10:59
prod_7842f49e92a348759484cbf711e30eee,Outerknown,48,USD,TRUE,4/14/2025 15:41
prod_126d1231da3a45afa5abe975aa1c84b1,Outerknown,81,USD,TRUE,4/15/2025 10:59
prod_126d1231da3a45afa5abe975aa1c84b1,Outerknown,81,USD,TRUE,4/14/2025 15:41
prod_856dd8a5dfe742429d59d50bcaeb3e18,lululemon,99,USD,TRUE,4/15/2025 10:59
prod_4fc0c23c9d2142ceb308cc3ef2e0d8d8,lululemon,69,USD,TRUE,4/15/2025 10:59
prod_3807c9bfb297490eafbb036c0baec486,lululemon,74,USD,TRUE,4/15/2025 10:59
prod_3cf986452a7d4364a472e9ff3d19372c,lululemon,89,USD,TRUE,4/15/2025 10:59
prod_2c8a4e3196824194a6daa2242b101bc8,lululemon,69,USD,TRUE,4/15/2025 10:59
prod_2c8a4e3196824194a6daa2242b101bc8,lululemon,69,USD,TRUE,4/14/2025 15:41
prod_408729fca7134bd4beed5a24f5af6c4a,lululemon,99,USD,TRUE,4/15/2025 10:59
prod_5ed7fe69d5564d0da0d1067d3db9ad5f,lululemon,98,USD,TRUE,4/15/2025 10:59
prod_c09441d27b284774a3dd7660e519a199,lululemon,89,USD,TRUE,4/15/2025 10:59
prod_df154aae896b4cdda79cab7748c5a664,lululemon,94,USD,TRUE,4/15/2025 10:59
prod_66c73673429e440eb39367b88432de2b,lululemon,98,USD,TRUE,4/15/2025 10:59
prod_07033c260e854f649fc4b9dec83c27a9,lululemon,118,USD,TRUE,4/15/2025 10:59
prod_06ba66ca7e2949afb1a315a46543c85e,lululemon,118,USD,TRUE,4/15/2025 10:59
prod_b8fb041c5c8941b9bd17fcb425193d59,lululemon,74,USD,TRUE,4/15/2025 10:59
prod_18397bf11aab478ba24967300cdbc54e,lululemon,128,USD,TRUE,4/15/2025 10:59
prod_18397bf11aab478ba24967300cdbc54e,lululemon,128,USD,TRUE,4/14/2025 15:41
prod_bb4cd4f549f240a6bf1a895a398e15dc,lululemon,128,USD,TRUE,4/15/2025 10:59
prod_bb4cd4f549f240a6bf1a895a398e15dc,lululemon,128,USD,TRUE,4/14/2025 15:41
prod_6bf1cb3e6238455bbf9c567972d5b248,eBay - romeoblue26,10.31,USD,FALSE,4/15/2025 10:59
prod_6bf1cb3e6238455bbf9c567972d5b248,eBay - romeoblue26,10.31,USD,FALSE,4/14/2025 15:41
prod_93445a4bd98341f0a0eff04b14957adf,eBay - sleepygrass4,31.99,USD,TRUE,4/15/2025 10:59
prod_93445a4bd98341f0a0eff04b14957adf,eBay - sleepygrass4,31.99,USD,TRUE,4/14/2025 15:41
prod_ba429bc2451b451c8c5ac1feea7ff4b0,Poshmark,28,USD,FALSE,4/15/2025 10:59
prod_ba429bc2451b451c8c5ac1feea7ff4b0,Poshmark,28,USD,FALSE,4/14/2025 15:41
prod_a96b04b7d6e3453dbdb52d6532ba7ad5,eBay - cthrifts313,13.9,USD,FALSE,4/15/2025 10:59
prod_a96b04b7d6e3453dbdb52d6532ba7ad5,eBay - cthrifts313,13.9,USD,FALSE,4/14/2025 15:41
prod_940a683ff1b54a488615a8c23aab2fb5,Jaxxon,149,USD,TRUE,4/15/2025 10:59
prod_434e9f6196544182a32ace6a0d6d17fb,Jaxxon,124,USD,TRUE,4/15/2025 10:59
prod_434e9f6196544182a32ace6a0d6d17fb,Jaxxon,124,USD,TRUE,4/14/2025 15:41
prod_3e23c6d1123b4bc79222344f11171bd7,Jaxxon,279,USD,TRUE,4/14/2025 15:41
prod_3c3252ea81cf4cab99cab5c86f886aad,Jaxxon,223,USD,TRUE,4/14/2025 15:41
prod_dc152036ecd9409caf616970ab3de70f,Jaxxon,443,USD,TRUE,4/15/2025 10:59
prod_eef7223fbc444a2d824aff6d4deea113,Jaxxon,144,USD,TRUE,4/15/2025 10:59
prod_eef7223fbc444a2d824aff6d4deea113,Jaxxon,174,USD,TRUE,4/14/2025 15:41
prod_9dc126eef2274d08adf02b784156bb8c,Jaxxon,253,USD,TRUE,4/15/2025 10:59
prod_f49042de9fe14378af3a4549ba25fe94,Jaxxon,313,USD,TRUE,4/14/2025 15:41
prod_4d639d44065a40a0830bafcde2c6cd79,Jaxxon,149,USD,TRUE,4/15/2025 10:59
prod_4d639d44065a40a0830bafcde2c6cd79,Jaxxon,149,USD,TRUE,4/14/2025 15:41
prod_6dd999d072ac42ba9149de70d5a21a5b,Jaxxon,318,USD,TRUE,4/15/2025 10:59
prod_6dd999d072ac42ba9149de70d5a21a5b,Jaxxon,318,USD,TRUE,4/14/2025 15:41
prod_ffeec07a08cb4b859de075d263bfd4ba,Jaxxon,199,USD,TRUE,4/15/2025 10:59
prod_ffeec07a08cb4b859de075d263bfd4ba,Jaxxon,249,USD,TRUE,4/14/2025 15:41
prod_1ca878dcbf9f49ee8a8ffb502178b8bd,Jaxxon,349,USD,TRUE,4/15/2025 10:59
prod_42cdac9042b946a49c6025dfbe27e629,Jaxxon,214,USD,TRUE,4/15/2025 10:59
prod_edd5616f6052491ab75cd20c5f9c21b0,Jaxxon,238,USD,TRUE,4/15/2025 10:59
prod_746ad9bdf94c4086a4f696c86e3bb946,Jaxxon,279,USD,TRUE,4/14/2025 15:41
prod_b457ede8fc094271a3b0b3e30ac343de,Jaxxon,398,USD,TRUE,4/15/2025 10:59
prod_1943d0ba9488456f84248a3ffae7ba1b,Jaxxon,399,USD,TRUE,4/15/2025 10:59
prod_a5052fc2509443cba96b2c1e127f76c4,King Ice,5300,USD,FALSE,4/14/2025 15:41
prod_56f073994f9a48cbb5225181cb487aa0,Bonobos,119,USD,TRUE,4/15/2025 10:59
prod_56f073994f9a48cbb5225181cb487aa0,Bonobos,119,USD,TRUE,4/14/2025 15:41
prod_eb09ab355d624084b74f4506e81b29d2,Bonobos,83.3,USD,TRUE,4/15/2025 10:59
prod_eb09ab355d624084b74f4506e81b29d2,Bonobos,119,USD,TRUE,4/14/2025 15:41
prod_c121e75bcce24242a2e656e21acef121,Bonobos,49,USD,TRUE,4/14/2025 15:41
prod_0b53ba9ed5db4e2eb0fecacd23d210a5,Bonobos,97.3,USD,TRUE,4/15/2025 10:59
prod_093c004e615f4fc38dae9fb54e412823,Bonobos,99,USD,TRUE,4/15/2025 10:59
prod_24d34aad2fbc468f9b171d158bae7f50,Bonobos,99,USD,TRUE,4/15/2025 10:59
prod_6d7dfc80588e4e93befca453ff6fdc8e,Bonobos,90.3,USD,TRUE,4/15/2025 10:59
prod_6d7dfc80588e4e93befca453ff6fdc8e,Bonobos,129,USD,TRUE,4/14/2025 15:41
prod_e7e24ac244f549e8b8c37ec9f62a8118,King Ice,25500,USD,FALSE,4/14/2025 15:41
prod_cb5b5990f3fe4873a7144d15df527eca,King Ice,5600,USD,FALSE,4/15/2025 10:59
prod_cb5b5990f3fe4873a7144d15df527eca,King Ice,5600,USD,FALSE,4/14/2025 15:41
prod_ab8f0ca033b74930b1a870ababcbbc38,The Man Cave Store,5047,USD,TRUE,4/14/2025 15:41
prod_0b0832a454874b4a9fd9e504f0759498,USA Outdoor Furniture,4489.68,USD,TRUE,4/14/2025 15:41
prod_f1d416bb785443238d39a60ef0381099,The Man Cave Store,5627,USD,TRUE,4/14/2025 15:41
prod_169b8dc034a74426bb0bfec863de8049,Classic Patio Furniture,3390,USD,TRUE,4/15/2025 10:59
prod_ef06b6632fc74749b9d55abaa5239ec4,USA Outdoor Furniture,3116.88,USD,TRUE,4/15/2025 10:59
prod_ef06b6632fc74749b9d55abaa5239ec4,USA Outdoor Furniture,3116.88,USD,TRUE,4/14/2025 15:41
prod_777bf0f240b546cc9edb1bac77e39313,LuxeDecor,4320,USD,TRUE,4/15/2025 10:59
prod_777bf0f240b546cc9edb1bac77e39313,LuxeDecor,4320,USD,TRUE,4/14/2025 15:41
prod_37f8e0aa55c443f3835fb1bb98028986,USA Outdoor Furniture,3001.44,USD,TRUE,4/15/2025 10:59
prod_fd2c020434744c359024a6e5740af8e8,PatioLiving,5291.2,USD,TRUE,4/14/2025 15:41
prod_d5418e52c8924583849e876fa55fa2ae,The Man Cave Store,4517,USD,TRUE,4/14/2025 15:41
prod_4bc82a7bf07e4aa99da19afd76cf6662,LuxeDecor,4504,USD,TRUE,4/15/2025 10:59
prod_fe604e1ed1d84ac7aefee17bb8fc763d,NFM,3039.99,USD,FALSE,4/14/2025 15:41
prod_bb81397541c24b16ab0271c0c3949bd4,LuxeDecor,3569.6,USD,TRUE,4/14/2025 15:41
prod_0fbdf917736249c78d81fd8f4dd73e03,LuxeDecor,4737.6,USD,TRUE,4/14/2025 15:41
prod_0299f0abc393462b933d978373402b20,PatioLiving,4430.4,USD,TRUE,4/15/2025 10:59
prod_0299f0abc393462b933d978373402b20,PatioLiving,4430.4,USD,TRUE,4/14/2025 15:41
prod_9a7a970b86fd4bbe8f6d557656e52ff7,Patio Productions,3965.6,USD,TRUE,4/15/2025 10:59
prod_9a7a970b86fd4bbe8f6d557656e52ff7,Patio Productions,3965.6,USD,TRUE,4/14/2025 15:41
prod_2ba1aa2b453048e9932d4f58a75f4439,PolyFurniture.com,1084,USD,TRUE,4/15/2025 10:59
prod_2ba1aa2b453048e9932d4f58a75f4439,PolyFurniture.com,1084,USD,TRUE,4/14/2025 15:41
prod_2ba1aa2b453048e9932d4f58a75f4439,PolyFurniture.com,1084,USD,TRUE,4/14/2025 15:41
prod_86bd5d9fa500410cb3ef258165ac664f,Classic Patio Furniture,4353,USD,TRUE,4/15/2025 10:59
prod_86bd5d9fa500410cb3ef258165ac664f,Classic Patio Furniture,4353,USD,TRUE,4/15/2025 10:59
prod_86bd5d9fa500410cb3ef258165ac664f,Classic Patio Furniture,4353,USD,TRUE,4/14/2025 15:41
prod_935d8140379c460ea89cf8e2eb97cb12,Classic Patio Furniture,4192,USD,TRUE,4/15/2025 10:59
prod_935d8140379c460ea89cf8e2eb97cb12,Classic Patio Furniture,4192,USD,TRUE,4/15/2025 10:59
prod_4d21f6e995124b47b189252524247411,PatioLiving,3736,USD,TRUE,4/15/2025 10:59
prod_15d1402b95e447f5a365a5380d672388,USA Outdoor Furniture,8064,USD,TRUE,4/15/2025 10:59
prod_26f78cdc68d143ddb969e12eea60c3b2,USA Outdoor Furniture,5478.4,USD,TRUE,4/15/2025 10:59
prod_9e3e20d078274c8a9a61141f43837aa4,TopModern,4096.8,USD,TRUE,4/15/2025 10:59
prod_9e3e20d078274c8a9a61141f43837aa4,TopModern,4096.8,USD,TRUE,4/14/2025 15:41
prod_9e3e20d078274c8a9a61141f43837aa4,PatioLiving,4096.8,USD,TRUE,4/14/2025 15:41
prod_68e36ccc473b48ada6be134263a8667f,AuthenTEAK,4327,USD,TRUE,4/15/2025 10:59
prod_68e36ccc473b48ada6be134263a8667f,AuthenTEAK,4327,USD,TRUE,4/15/2025 10:59
prod_68e36ccc473b48ada6be134263a8667f,AuthenTEAK,4327,USD,TRUE,4/15/2025 10:59
prod_68e36ccc473b48ada6be134263a8667f,AuthenTEAK,4327,USD,TRUE,4/15/2025 10:59
prod_45641656c5ba4ee99c0f0ebe01443936,The GLD Shop,99,USD,TRUE,4/15/2025 10:59
prod_45641656c5ba4ee99c0f0ebe01443936,The GLD Shop,99,USD,TRUE,4/14/2025 15:41
prod_e2b1b29c24c843be9cca45bdb014a0a6,ShopSimon,79.5,USD,TRUE,4/15/2025 10:59
prod_e2b1b29c24c843be9cca45bdb014a0a6,ShopSimon,106,USD,TRUE,4/14/2025 15:41
prod_d68d3d205e8743b98935018276e5f717,Ledge Lounger,799,USD,TRUE,4/14/2025 15:41
prod_48b163579a2f4facaa414e7930a41e34,Ledge Lounger,1999,USD,TRUE,4/15/2025 10:59
prod_48b163579a2f4facaa414e7930a41e34,Ledge Lounger,1999,USD,TRUE,4/15/2025 10:59
prod_48b163579a2f4facaa414e7930a41e34,Ledge Lounger,1999,USD,TRUE,4/14/2025 15:41
prod_48b163579a2f4facaa414e7930a41e34,Ledge Lounger,1999,USD,TRUE,4/14/2025 15:41
prod_c4a17d77c6294b5085362c98b0528de4,Ledge Lounger,1999,USD,TRUE,4/15/2025 10:59
prod_c4a17d77c6294b5085362c98b0528de4,Ledge Lounger,1999,USD,TRUE,4/15/2025 10:59
prod_c4a17d77c6294b5085362c98b0528de4,Ledge Lounger,1999,USD,TRUE,4/14/2025 15:41
prod_c4a17d77c6294b5085362c98b0528de4,Ledge Lounger,1999,USD,TRUE,4/14/2025 15:41
prod_0f8caffc06744e989d693d5e447b8013,Ledge Lounger,3495,USD,TRUE,4/15/2025 10:59
prod_0f8caffc06744e989d693d5e447b8013,Ledge Lounger,3495,USD,TRUE,4/14/2025 15:41
prod_6b679e7af6b34a07bcf5f4a2856f7fe4,Ledge Lounger,799,USD,TRUE,4/15/2025 10:59
prod_2c08e71ffe374bd99a5130c58ebcf763,Bonobos,27.3,USD,TRUE,4/15/2025 10:59
prod_63e51f05ea69476aa193745132a85c08,Bonobos,89,USD,TRUE,4/14/2025 15:41
prod_f3a8328526f943be88fe54ca0bd5e6a0,Bonobos,49,USD,TRUE,4/14/2025 15:41
prod_b677e1dbc5504a999ff5f021372b412b,Bonobos,69,USD,TRUE,4/14/2025 15:41
prod_e1ceb691759f44b888a26b5ae552ef15,Bonobos,55.3,USD,TRUE,4/15/2025 10:59
prod_21d9b972036648bb839eaed3840f9cc0,Bonobos,89,USD,TRUE,4/14/2025 15:41
prod_0b96ac6121ee465ca056bb777ad72f8b,Everlane,148,USD,FALSE,4/14/2025 15:41
prod_d18c7d1ecb2744dba78997bc151c59ba,eBay - sellibr8,31.99,USD,FALSE,4/14/2025 15:41
prod_d32a4c0c6882400bb907e823a746c6db,Everlane,39,USD,FALSE,4/14/2025 15:41
prod_84120078754b4ca9bb085745655e0d1e,Everlane,98,USD,FALSE,4/14/2025 15:41
prod_4dc6ad4efcf1470eb073ceeda9d8df91,Everlane,148,USD,FALSE,4/15/2025 10:59
prod_4dc6ad4efcf1470eb073ceeda9d8df91,Everlane,148,USD,FALSE,4/14/2025 15:41
prod_fcc41b16c63f426db56e214c4c61aaf5,Everlane,98,USD,FALSE,4/14/2025 15:41
prod_aa791c41beeb40e1a3e93e147b803717,Editorialist,98,USD,FALSE,4/14/2025 15:41
prod_119185ac09c44aab8672083a0307cbfd,Everlane,98,USD,FALSE,4/14/2025 15:41
prod_6f3e6bafea444ae3bdceb63e66687079,Poshmark,65,USD,FALSE,4/15/2025 10:59
prod_84b2d00a99814395bdb6c160234d6d02,Everlane,59,USD,FALSE,4/14/2025 15:41
prod_702090291c7c4163a475f465d53ea70d,Poshmark,29,USD,FALSE,4/15/2025 10:59
prod_702090291c7c4163a475f465d53ea70d,Poshmark,29,USD,FALSE,4/14/2025 15:41
prod_a5eb3d307fc84192b29b2deba4a02b5b,eBay - jeffreysnyc,59.99,USD,FALSE,4/15/2025 10:59
prod_2dcfa984eb0b4784adab35f27aa47d4a,eBay - anco_2669,19,USD,FALSE,4/15/2025 10:59
prod_2dcfa984eb0b4784adab35f27aa47d4a,eBay - anco_2669,19,USD,FALSE,4/14/2025 15:41
prod_7bd372ef570f45e7bca6e238661e585c,Poshmark,40,USD,FALSE,4/14/2025 15:41
prod_f7fd6bb469cd4a1dbb0562a7cbff015c,Ledge Lounger,999,USD,TRUE,4/14/2025 15:41
prod_5ed904047777444c82865d84109eb388,Ledge Lounger,699,USD,TRUE,4/15/2025 10:59
prod_5ed904047777444c82865d84109eb388,Ledge Lounger,699,USD,TRUE,4/14/2025 15:41
prod_2e0d71dba2414785a93dff9726187958,BBQGuys,699,USD,TRUE,4/15/2025 10:59
prod_47d292e9d70c404ebc703d1967fd4204,On the Patio,699,USD,FALSE,4/15/2025 10:59
prod_47d292e9d70c404ebc703d1967fd4204,On the Patio,699,USD,FALSE,4/14/2025 15:41
prod_b1a87a5a0f5d4b6ba3a16852e717666f,Ledge Lounger,1299,USD,TRUE,4/15/2025 10:59
prod_210fe28263224d57a3b33450b55f1dc4,The GLD Shop,169,USD,TRUE,4/15/2025 10:59
prod_210fe28263224d57a3b33450b55f1dc4,The GLD Shop,169,USD,TRUE,4/14/2025 15:41
prod_64679ded99ef456b882486fe0be694ba,The GLD Shop,159,USD,TRUE,4/15/2025 10:59
prod_64679ded99ef456b882486fe0be694ba,The GLD Shop,159,USD,TRUE,4/14/2025 15:41
prod_dcf1191e17aa488294bf40e23ee3157e,Taylor Stitch,168,USD,TRUE,4/15/2025 10:59
prod_dcf1191e17aa488294bf40e23ee3157e,Taylor Stitch,168,USD,TRUE,4/14/2025 15:41
prod_34b337abebea41d2847924ee2564b46f,Taylor Stitch,98,USD,TRUE,4/15/2025 10:59
prod_91ab997218a44972aca0b4d7076d822d,Huckberry,98,USD,TRUE,4/15/2025 10:59
prod_9ea45cd06cfc48ecb68704eab99f02d9,Taylor Stitch,125,USD,TRUE,4/15/2025 10:59
prod_b8c114d742e94f06b210a973c5e5eb24,Taylor Stitch,168,USD,TRUE,4/14/2025 15:41
prod_c6b950da99644151b1708de3cad6f67a,Taylor Stitch,92.4,USD,TRUE,4/15/2025 10:59
prod_4ecfe56561d04b9ea12aa73b342919af,eBay - retailslasher1323,88,USD,FALSE,4/15/2025 10:59
prod_6c7d0ad609af402d99d6b5650346c125,The Foursome Clothing & Shoes,125,USD,FALSE,4/15/2025 10:59
prod_cca39f3addd649f5af63c75906ebaac3,Taylor Stitch,128,USD,TRUE,4/14/2025 15:41
prod_1421d43adf094e8abbd5b85e1b8fdf35,Taylor Stitch,125,USD,TRUE,4/15/2025 10:59
prod_1421d43adf094e8abbd5b85e1b8fdf35,Taylor Stitch,125,USD,TRUE,4/14/2025 15:41
prod_c57dfbe10fe1432d96542eac54fd4a06,Alex Mill,225,USD,TRUE,4/15/2025 10:59
prod_c57dfbe10fe1432d96542eac54fd4a06,Alex Mill,225,USD,TRUE,4/14/2025 15:41
prod_d680a57dc7074c05b58fe3b57121c933,Shopbop Men,155,USD,TRUE,4/15/2025 10:59
prod_d680a57dc7074c05b58fe3b57121c933,Shopbop Men,155,USD,TRUE,4/14/2025 15:41
prod_a78e63b27a6b41f38676fd1757186499,ShopSimon,99,USD,TRUE,4/15/2025 10:59
prod_27c384da6a8f4166af4b6503670b9e65,Garmentory,185,USD,TRUE,4/15/2025 10:59
prod_ddda638d921c4fd3adec2a4e01cf8cd5,Alex Mill,165,USD,FALSE,4/15/2025 10:59
prod_0b83a0a96715487caf2cd93e2743805c,The RealReal,40,USD,FALSE,4/15/2025 10:59
prod_0b83a0a96715487caf2cd93e2743805c,The RealReal,40,USD,FALSE,4/14/2025 15:41
prod_b7cfa73518c14816bded6e44db7efdc0,Alex Mill,165,USD,FALSE,4/15/2025 10:59
prod_b7cfa73518c14816bded6e44db7efdc0,Alex Mill,165,USD,FALSE,4/14/2025 15:41
prod_60b38cbba37d4964b4cb88807e91d3ae,Ledge Lounger,349,USD,TRUE,4/15/2025 10:59
prod_60b38cbba37d4964b4cb88807e91d3ae,Ledge Lounger,349,USD,TRUE,4/14/2025 15:41
prod_7dd9fcaa4a8348a1a67d1709aaa57c3e,Ledge Lounger,699,USD,TRUE,4/15/2025 10:59
prod_7dd9fcaa4a8348a1a67d1709aaa57c3e,Ledge Lounger,699,USD,TRUE,4/14/2025 15:41
prod_1a9e3c4062594a69a451468c38732a6b,Ledge Lounger,449,USD,TRUE,4/15/2025 10:59
prod_1a9e3c4062594a69a451468c38732a6b,Ledge Lounger,449,USD,TRUE,4/14/2025 15:41
prod_ac414b65f01840e4b6231311e9241344,Editorialist,35,USD,FALSE,4/15/2025 10:59
prod_358606609dff48f8a2edc5426dd9e746,Editorialist,45,USD,FALSE,4/15/2025 10:59
prod_0d21c5ab8e284984842f0a431decc116,eBay - jae468,24.95,USD,FALSE,4/15/2025 10:59
prod_31a04732d0f1468d847399c17c329a96,Taelor,99,USD,TRUE,4/15/2025 10:59
prod_31a04732d0f1468d847399c17c329a96,Taelor,99,USD,TRUE,4/14/2025 15:41
prod_3f915f9886264ccc8bc312d0f1dbb4a9,Aqua Chairs,1952.75,USD,TRUE,4/15/2025 10:59
prod_9674060fca52417d91d156459546a463,Aqua Chairs,549,USD,TRUE,4/15/2025 10:59
prod_9674060fca52417d91d156459546a463,Aqua Chairs,549,USD,TRUE,4/14/2025 15:41
prod_248504a7e2a74214986d0a6b10b61262,CRAFTD London,134.99,USD,TRUE,4/14/2025 15:41
prod_0cb353c584ca41728d907de6ea635104,CRAFTD London,109.99,USD,TRUE,4/15/2025 10:59
prod_0cb353c584ca41728d907de6ea635104,CRAFTD London,109.99,USD,TRUE,4/14/2025 15:41
prod_c27cf76cb2df4926b0088d6d4364955c,CRAFTD London,107.99,USD,TRUE,4/15/2025 10:59
prod_c347ac2e291c45169741710badf21121,CRAFTD London,109.99,USD,TRUE,4/15/2025 10:59
prod_c347ac2e291c45169741710badf21121,CRAFTD London,109.99,USD,TRUE,4/14/2025 15:41
prod_3674ac3f5f96442190e5603117ddf212,CRAFTD London,199.99,USD,TRUE,4/15/2025 10:59
prod_3674ac3f5f96442190e5603117ddf212,CRAFTD London,199.99,USD,TRUE,4/14/2025 15:41
prod_36bdafa83f784061864180af5687331c,CRAFTD London,69.99,USD,TRUE,4/15/2025 10:59
prod_36bdafa83f784061864180af5687331c,CRAFTD London,69.99,USD,TRUE,4/14/2025 15:41
prod_1a4370b81c6043c2931d64f5529205bc,Amazon.com - Seller,220.99,USD,TRUE,4/15/2025 10:59
prod_1a4370b81c6043c2931d64f5529205bc,Amazon.com - Seller,220.99,USD,TRUE,4/14/2025 15:41
prod_abf0f9096e0f45eda2127a22844e03fa,Charles Tyrwhitt US,39.95,USD,TRUE,4/15/2025 10:59
prod_abf0f9096e0f45eda2127a22844e03fa,Charles Tyrwhitt US,39.95,USD,TRUE,4/14/2025 15:41
prod_ffa1959efc2a43719d3a85bea8bb53e6,Charles Tyrwhitt US,39.95,USD,TRUE,4/15/2025 10:59
prod_ffa1959efc2a43719d3a85bea8bb53e6,Charles Tyrwhitt US,39.95,USD,TRUE,4/14/2025 15:41
prod_29d7aa5aa50b48c39a581765d439c910,Charles Tyrwhitt US,39.95,USD,TRUE,4/15/2025 10:59
prod_29d7aa5aa50b48c39a581765d439c910,Charles Tyrwhitt US,39.95,USD,TRUE,4/14/2025 15:41
prod_cfddf53f0507470f9e0c4993379205ff,Charles Tyrwhitt US,39.95,USD,TRUE,4/15/2025 10:59
prod_922b0cc0eaba4cc88ab2e4d855deba8f,Charles Tyrwhitt US,44.75,USD,TRUE,4/15/2025 10:59
prod_77974717953142a683ca12e532f8cf83,Charles Tyrwhitt US,39.95,USD,TRUE,4/15/2025 10:59
prod_381289d970ea4d28aca5e39ad09587f4,charlestyrwhitt.com/us,39.95,USD,TRUE,4/15/2025 10:59
prod_afb3f290beb24f4a90dd9fbf432b2c63,Charles Tyrwhitt US,44.75,USD,TRUE,4/15/2025 10:59
prod_69bc56368f4c4ac38b35df87340303fd,Charles Tyrwhitt US,39.95,USD,TRUE,4/14/2025 15:41
prod_5dc86fc6d66c4ac5b3a99eba1afdac52,Charles Tyrwhitt US,39.95,USD,TRUE,4/15/2025 10:59
prod_0852173ad64b4a448b83b0655755c3ce,Charles Tyrwhitt US,39.95,USD,TRUE,4/15/2025 10:59
prod_ac370540b7a6437784f727d68e8faf13,Charles Tyrwhitt US,39.95,USD,TRUE,4/15/2025 10:59
prod_1b1e0c631fb44b86ac727d8cb85b0598,Charles Tyrwhitt US,39.95,USD,TRUE,4/15/2025 10:59
prod_3fafa7c5195e40cf83b041baf6b4da26,Norse Projects,680,USD,TRUE,4/15/2025 10:59
prod_065f9133f3bb4d0c8039728ca392f174,Poshmark,249,USD,FALSE,4/15/2025 10:59
prod_d7f593fbc1cf48ce9df387b7df87b608,Norse Projects,715,USD,TRUE,4/15/2025 10:59
prod_d783f639bb9f4ff895d589c2a73c61e8,Doheny's,179.99,USD,TRUE,4/15/2025 10:59
prod_d783f639bb9f4ff895d589c2a73c61e8,Doheny's,179.99,USD,TRUE,4/14/2025 15:41
prod_17f485aad99845e2ad15f6e8ae285883,Practice Sports,1750,USD,TRUE,4/15/2025 10:59
prod_17f485aad99845e2ad15f6e8ae285883,Practice Sports,1750,USD,TRUE,4/15/2025 10:59
prod_17f485aad99845e2ad15f6e8ae285883,Practice Sports,1750,USD,TRUE,4/14/2025 15:41
prod_956064127bc14f73b5bdcc5bdef8580d,SHOP botanik,799.99,USD,TRUE,4/15/2025 10:59
prod_d1f72e12f38c489386e0d4a2f81e52c9,Pool Warehouse,219.99,USD,TRUE,4/15/2025 10:59
prod_bd8967fe2566458a9626e02261ad104d,JulesB USA,147.5,USD,FALSE,4/15/2025 10:59
prod_7d6e0c250f1348a4832774132d90a082,Shopbop Men,350,USD,TRUE,4/15/2025 10:59
prod_86b532ea5a80444daefcc2f15ba3f7dc,eBay - banamom,105.49,USD,FALSE,4/15/2025 10:59
prod_01b4d24c1347433dad3b3586a64938c6,Huckberry,345,USD,TRUE,4/15/2025 10:59
prod_01b4d24c1347433dad3b3586a64938c6,Huckberry,345,USD,TRUE,4/14/2025 15:41
prod_ee39c8ac77294afd8d8e4075a87e176a,Stuarts London,208,USD,FALSE,4/15/2025 10:59
prod_ee39c8ac77294afd8d8e4075a87e176a,Stuarts London,115,USD,FALSE,4/14/2025 15:41
prod_6ff86c36417b4f0cb72238bfdded1bef,ModeSens,140,USD,TRUE,4/15/2025 10:59
prod_6ff86c36417b4f0cb72238bfdded1bef,ModeSens,140,USD,TRUE,4/14/2025 15:41
prod_be6654a4702d46ed8f70bf3a33ba883f,Etsy - ProletarianCouture33,134.91,USD,FALSE,4/15/2025 10:59
prod_be6654a4702d46ed8f70bf3a33ba883f,Etsy - ProletarianCouture33,149.9,USD,FALSE,4/14/2025 15:41
prod_4e6612ee888c4249b2b08242d2a13280,Lyst,214,USD,FALSE,4/15/2025 10:59
prod_df683fc094b04f7396931132868b8325,Practice Sports,599.99,USD,TRUE,4/15/2025 10:59
prod_c77312ec608c4e59801fe0fa46447401,Patagonia Worn Wear,46,USD,FALSE,4/15/2025 10:59
prod_61b0060e5da747d686a2e36b142ce7fd,Half-Moon Outfitters,119,USD,TRUE,4/14/2025 15:41
prod_2b242587cb68400a82c65ec46b2dcf40,Great Outdoor Shop,83.3,USD,TRUE,4/14/2025 15:41
prod_2e5d518b0a1e4358b0ed373b90e77d6f,Alex Mill,225,USD,TRUE,4/15/2025 10:59
prod_87d30a4d87ce46a596bd28c117bb22e9,Alex Mill,225,USD,TRUE,4/15/2025 10:59
prod_b77b1c419dd1439488b80601e9cf7577,Alex Mill,225,USD,TRUE,4/15/2025 10:59
prod_6e3b27480991490380b810f21ea07d8b,Lyst,195,USD,TRUE,4/14/2025 15:41
prod_b5663a5738b64595921cce7bd36497ae,tntfashion.ca,321.23,USD,TRUE,4/15/2025 10:59
prod_a98d7f677fc24209b927e6571d7f2bb1,Alex Mill,375,USD,TRUE,4/14/2025 15:41
prod_9dc44e07b9ba4c6abfc52824f3739b54,Alex Mill,250,USD,TRUE,4/15/2025 10:59
prod_5ae033d6fa184d12a0cb27caea4c93b9,Alex Mill,250,USD,TRUE,4/15/2025 10:59
prod_570d2cb2fc8a400bb823d0d84a440f67,Alex Mill,225,USD,TRUE,4/15/2025 10:59
prod_0c9fa04d5bba4b5aa7b670e77e585d8d,Bloomingdale's,225,USD,TRUE,4/15/2025 10:59
prod_2aaf162a46c24acfa06930c9e9a1effb,Alex Mill,750,USD,TRUE,4/15/2025 10:59
prod_db2c3842eaab4eb2a0068b51ed962361,Jaxxon,248,USD,TRUE,4/15/2025 10:59
prod_c686ad82a204418fbeb6c0f30f00bb93,Jaxxon,149,USD,TRUE,4/15/2025 10:59
prod_434216dc475f4defaa32561d4b076a24,Jaxxon,258,USD,TRUE,4/15/2025 10:59
prod_a10319171f08484999a40a707f48b47b,Jaxxon,149,USD,TRUE,4/15/2025 10:59
prod_a42e840a29d440aab8bed85e4ae4a3a9,Jaxxon,188,USD,TRUE,4/15/2025 10:59
prod_b9ee14dcce47448faca99671d71568b8,Jaxxon,199,USD,TRUE,4/15/2025 10:59
prod_9c640dcf15f44f0989ecd9302216455f,Jaxxon,198,USD,TRUE,4/15/2025 10:59
prod_c84691250fd74d598f43d06b07ce8039,Jaxxon,149,USD,TRUE,4/15/2025 10:59
prod_c84691250fd74d598f43d06b07ce8039,Jaxxon,199,USD,TRUE,4/14/2025 15:41
prod_6380eaa0062d4b44bd120579216f2a91,Jaxxon,79,USD,TRUE,4/15/2025 10:59
prod_309c275bb70c4ca2bea15ebf5439e03a,Jaxxon,79,USD,TRUE,4/15/2025 10:59
prod_198d856cf3634996b7ad34ee5432ff79,Jaxxon,149,USD,TRUE,4/15/2025 10:59
prod_198d856cf3634996b7ad34ee5432ff79,Jaxxon,179,USD,TRUE,4/14/2025 15:41
prod_9fc3f52a9849489d969c565cc86d8124,Jaxxon,699,USD,TRUE,4/15/2025 10:59
prod_719e710e7ba74324b5b9c5eeb651f066,Jaxxon,168,USD,TRUE,4/15/2025 10:59
prod_719e710e7ba74324b5b9c5eeb651f066,Jaxxon,168,USD,TRUE,4/14/2025 15:41
prod_bc772dfc347b42b583a250de1e40c6a5,Jaxxon,228,USD,TRUE,4/15/2025 10:59
prod_4d1706211b194b31aa8dc2531a58ea5a,Buck Mason,138,USD,TRUE,4/15/2025 10:59
prod_47aa20c8c4d44966931b34e072e9e32d,Buck Mason,268,USD,TRUE,4/15/2025 10:59
prod_f1f714543c824e0693f8cb162c754768,Buck Mason,128,USD,TRUE,4/15/2025 10:59
prod_5d0e4e1907a040329f5f2f3fd9bd1c79,Buck Mason,178,USD,TRUE,4/15/2025 10:59
prod_5d0e4e1907a040329f5f2f3fd9bd1c79,Buck Mason,178,USD,TRUE,4/14/2025 15:41
prod_2955bde10ea54403a59c82a6685c587a,Buck Mason,138,USD,TRUE,4/15/2025 10:59
prod_2955bde10ea54403a59c82a6685c587a,Buck Mason,138,USD,TRUE,4/14/2025 15:41
prod_dc014b08ac9f40ea8480851402007b78,Buck Mason,75,USD,TRUE,4/15/2025 10:59
prod_82a5122680aa4e0896d227616f4e867d,Buck Mason,148,USD,TRUE,4/15/2025 10:59
prod_d9784f3d78c04258bf9c464224fed754,eBay - ragtagonline,196,USD,TRUE,4/15/2025 10:59
prod_24f9516c368b40efb5c5513313c5d4ee,Nepenthes New York,408,USD,TRUE,4/15/2025 10:59
prod_24f9516c368b40efb5c5513313c5d4ee,Nepenthes New York,408,USD,TRUE,4/14/2025 15:41
prod_a93aa4056a3a4800b605f6b11770619b,eBay - ragtagonline,238,USD,TRUE,4/15/2025 10:59
prod_f799c06bd354430e9f8eb2f9c446260f,Totem Brand Co.,540,USD,FALSE,4/15/2025 10:59
prod_045c396c337d423ca9314a76db1b9b45,eBay - ragtagonline,270,USD,TRUE,4/15/2025 10:59
prod_16402b855c9b42fc86d369321bcf050d,Garmentory,948,USD,TRUE,4/15/2025 10:59
prod_7096fc080700463e8434b27d826b99b2,Marrkt,214.49,USD,FALSE,4/15/2025 10:59
prod_142a678df4ae40c1a2abe451f673b1ef,Etsy - ClockworkThriftStore,181,USD,FALSE,4/15/2025 10:59
prod_4c9f961913934e8da14465b4cc599dc6,Editorialist,445,USD,TRUE,4/14/2025 15:41
prod_cdffaf34e4fa421a870f63dcd44ab9b0,eBay - ragtagonline,123,USD,TRUE,4/15/2025 10:59
prod_94c998eabefd4c628f47ad49c54a9268,eBay - ragtagonline,288,USD,TRUE,4/15/2025 10:59
prod_416664b2604c4354b55e0fd4908bab54,Patagonia,129,USD,TRUE,4/15/2025 10:59
prod_416664b2604c4354b55e0fd4908bab54,Patagonia,129,USD,TRUE,4/14/2025 15:41
prod_f9a1f01d0c17457ba7741967a97f834c,Patagonia,109,USD,TRUE,4/15/2025 10:59
prod_f9a1f01d0c17457ba7741967a97f834c,Patagonia,109,USD,TRUE,4/14/2025 15:41
prod_ea3bc6929cca4a259cac34dfeabfb799,Patagonia,99,USD,TRUE,4/15/2025 10:59
prod_13969da9994c4fefbb0c78383a7ad66b,The GLD Shop,99,USD,TRUE,4/15/2025 10:59
prod_13969da9994c4fefbb0c78383a7ad66b,The GLD Shop,99,USD,TRUE,4/14/2025 15:41
prod_951fe580a12d4014b3d1dab876d7cde0,Bombas,140.4,USD,TRUE,4/15/2025 10:59
prod_ca804f7d79464fada8b6be79669b5acd,eBay - lynski1230,29.99,USD,FALSE,4/15/2025 10:59
prod_ca804f7d79464fada8b6be79669b5acd,eBay - lynski1230,29.99,USD,FALSE,4/14/2025 15:41
prod_3246fc21c589481ba9f1f388de9cef61,eBay - amalian,29,USD,FALSE,4/15/2025 10:59
prod_2bbc63413fcd40bc91cf251982c07193,Bombas,118.8,USD,TRUE,4/15/2025 10:59
prod_c24c997210b64da097dfd553c2e3557a,Bombas,44,USD,TRUE,4/15/2025 10:59
prod_e7380a509d2f43be9bc9479acc6050b0,Bombas,44,USD,TRUE,4/15/2025 10:59
prod_e7380a509d2f43be9bc9479acc6050b0,Bombas,44,USD,TRUE,4/14/2025 15:41
prod_9044305b45d8498caa750e21faa98544,Bombas,44,USD,TRUE,4/15/2025 10:59
prod_1e5efee051404532899f010b9b0dffa5,Bombas,44,USD,TRUE,4/15/2025 10:59
prod_be2aea11fc934ff18a739a622f7e557d,Faherty Second Wave,50,USD,FALSE,4/15/2025 10:59
prod_be2aea11fc934ff18a739a622f7e557d,Faherty Second Wave,50,USD,FALSE,4/14/2025 15:41
prod_e991a5c565914d28b5bc2d5b2ca24106,Faherty Second Wave,68,USD,FALSE,4/15/2025 10:59
prod_e991a5c565914d28b5bc2d5b2ca24106,Faherty Second Wave,68,USD,FALSE,4/14/2025 15:41
prod_f9cc22ec83c4471699480c243ef0b9e6,Faherty Second Wave,47,USD,FALSE,4/15/2025 10:59
prod_f9cc22ec83c4471699480c243ef0b9e6,Faherty Second Wave,47,USD,FALSE,4/14/2025 15:41
prod_a63d67c289e445a7b541f850ceaeba3b,Faherty Second Wave,51,USD,FALSE,4/15/2025 10:59
prod_bbe3c14d3781475395fabac793de600e,Faherty Second Wave,52,USD,FALSE,4/15/2025 10:59
prod_bbe3c14d3781475395fabac793de600e,Faherty Second Wave,52,USD,FALSE,4/14/2025 15:41
prod_736a6e8c473d4395ada83c61386abc04,Faherty,124,USD,TRUE,4/15/2025 10:59
prod_736a6e8c473d4395ada83c61386abc04,Faherty,124,USD,TRUE,4/14/2025 15:41
prod_7c3736d7418c4877939fc2e78c86a671,Bloomingdale's,398,USD,TRUE,4/14/2025 15:41
prod_566756bcefb046b48efb792ada942a05,Barbour,350,USD,TRUE,4/15/2025 10:59
prod_12de64ee452348f7972759f09621034f,Barbour,280,USD,TRUE,4/15/2025 10:59
prod_a6c387a5c48d4693979f8f94d2195a71,Barbour,260,USD,TRUE,4/15/2025 10:59
prod_3dd96cd82f5342a7a8a48d44525111b1,END. Clothing,270,USD,TRUE,4/15/2025 10:59
prod_00b807ae9ef3427480d1862f5268ca04,Michael Stewart Menswear,184,USD,FALSE,4/15/2025 10:59
prod_f905bde7dc9d4688b2de537cf5878bc3,Barbour,485,USD,TRUE,4/15/2025 10:59
prod_f905bde7dc9d4688b2de537cf5878bc3,Barbour,485,USD,TRUE,4/14/2025 15:41
prod_9bb76ea915be4601982dd4cea3ae096c,Barbour,435,USD,TRUE,4/15/2025 10:59
prod_6171c04b78c34214bcfd6c0459a0730f,Barbour,300,USD,TRUE,4/15/2025 10:59
prod_db438a494ec146c7a971f9cf8f2440af,Nike,64.97,USD,TRUE,4/15/2025 10:59
prod_97d88a96a7314a258ba8efb94af9d6c5,Nike,70,USD,TRUE,4/15/2025 10:59
prod_ef2edb8c44494edb89ebaed58d4c3e95,Nike,79.97,USD,TRUE,4/15/2025 10:59
prod_03513617d40b433dbc51a0ecfddf7857,Nike,110,USD,TRUE,4/15/2025 10:59
prod_af394a1858e84f7b91fac311f5935eae,Nike,55,USD,TRUE,4/15/2025 10:59
prod_85602ffb871843ab852c0ff1000708ba,Nike,45.97,USD,TRUE,4/15/2025 10:59
prod_9e3a5f2dc85a4bc094451c30f96a9591,Nike,55,USD,TRUE,4/15/2025 10:59
prod_811326d8c19a4d2586a488dea6974392,Nike,80,USD,TRUE,4/15/2025 10:59
prod_361c2e033c5641a4a2e729f6c02165b0,Nike,120,USD,TRUE,4/14/2025 15:41
prod_998dcdef5cc64ec0804a9556f0ed2058,Nordstrom,28,USD,TRUE,4/15/2025 10:59
prod_5d0d61b0b4c5497c8c0060b3389d31c8,Nordstrom,34,USD,TRUE,4/15/2025 10:59
prod_fc665ee036214c34909161a829f1ee2a,Macy's,30,USD,FALSE,4/15/2025 10:59
prod_b764d1221e7344319e0eecba2f24ba0a,p a c t,22,USD,FALSE,4/15/2025 10:59
prod_ac6e3576eef94714b856a25a41d2f017,p a c t,21,USD,FALSE,4/15/2025 10:59
prod_71aaeff1b9134555817567d03f63ad81,p a c t,28,USD,FALSE,4/15/2025 10:59
prod_9b8116c26d00411c869f631a9defc0a7,Uniqlo,49.9,USD,TRUE,4/15/2025 10:59
prod_46060dd5540547959bfe0c2b2e9da0db,Uniqlo,49.9,USD,TRUE,4/15/2025 10:59
prod_84649f0b7f83436d9e9038ebc72aea17,Uniqlo,29.9,USD,TRUE,4/15/2025 10:59
prod_ae5180c7cae1487e8dffe3473175ce7e,Uniqlo,49.9,USD,TRUE,4/15/2025 10:59
prod_2b33555cc37247eb905b90f04f15077b,Uniqlo,39.9,USD,TRUE,4/15/2025 10:59
prod_b1efdca3cfe349959330bdd38b7b73c0,Uniqlo,39.9,USD,TRUE,4/15/2025 10:59
prod_b1efdca3cfe349959330bdd38b7b73c0,Uniqlo,39.9,USD,TRUE,4/14/2025 15:41
prod_9a04ddd696134e189188d4470117c315,Uniqlo,39.9,USD,TRUE,4/15/2025 10:59
prod_9a04ddd696134e189188d4470117c315,Uniqlo,39.9,USD,TRUE,4/14/2025 15:41
prod_b0ac3f4734e74dd281822e14eaf4320c,eBay - asfhhmz2,19.99,USD,FALSE,4/15/2025 10:59
prod_6223d8d01e344e2b9c43a7cee7ebb725,Uniqlo,49.9,USD,TRUE,4/15/2025 10:59
prod_6223d8d01e344e2b9c43a7cee7ebb725,Uniqlo,49.9,USD,TRUE,4/14/2025 15:41
prod_3089e4c643ae43d895205a0151c43af8,Uniqlo,49.9,USD,TRUE,4/15/2025 10:59
prod_3089e4c643ae43d895205a0151c43af8,Uniqlo,49.9,USD,TRUE,4/14/2025 15:41
prod_553d4c16dc6d4e7ab834e653b26a4b12,Wild Cargo,75,USD,FALSE,4/15/2025 10:59
prod_553d4c16dc6d4e7ab834e653b26a4b12,Wild Cargo,75,USD,FALSE,4/14/2025 15:41
prod_edf2f602b6fd4e76b4ad1922927a95c8,Taylor Stitch,138,USD,TRUE,4/15/2025 10:59
prod_edf2f602b6fd4e76b4ad1922927a95c8,Taylor Stitch,138,USD,TRUE,4/14/2025 15:41
prod_e7adc28b9a6243bfb4af5834f19bcef1,Editorialist,77,USD,TRUE,4/14/2025 15:41
prod_775d4eea17cc45ee810028c3947705c5,Taylor Stitch,82.8,USD,TRUE,4/15/2025 10:59
prod_775d4eea17cc45ee810028c3947705c5,Taylor Stitch,82.8,USD,TRUE,4/14/2025 15:41
prod_711dadb67e124855b1596234bb3167dc,eBay - the.deal.ninja,89.99,USD,TRUE,4/14/2025 15:41
prod_bf20366a69f04d7ea13a390f23112529,Taylor Stitch,118,USD,TRUE,4/14/2025 15:41
prod_f1a1581e044b4c838e536b7b0547fdb5,Fountainhead NY,188,USD,FALSE,4/15/2025 10:59
prod_f1a1581e044b4c838e536b7b0547fdb5,Fountainhead NY,188,USD,FALSE,4/14/2025 15:41
prod_6ca638ea348442d297467a6c18002347,Taylor Stitch,125,USD,TRUE,4/15/2025 10:59
prod_af2a72542ca54798a9c9018a2e6b2ded,Taylor Stitch,138,USD,TRUE,4/15/2025 10:59
prod_e533460f52454f2baaf8ce01752835a4,Bespoke Post,70,USD,TRUE,4/15/2025 10:59
prod_e533460f52454f2baaf8ce01752835a4,Bespoke Post,70,USD,TRUE,4/14/2025 15:41
prod_e12c8013c54f429299d1ce5129c3a5be,OutlandUSA.com,56.76,USD,TRUE,4/15/2025 10:59
prod_9a3d20a213b544ad970793ae6ad1bed9,Woolrich,175,USD,TRUE,4/14/2025 15:41
prod_2d343713a5844092af8607f78ecadee2,Patagonia,30.99,USD,TRUE,4/15/2025 10:59
prod_2d343713a5844092af8607f78ecadee2,Patagonia,30.99,USD,TRUE,4/14/2025 15:41
prod_c8f58a408d5848ea99725a1f23869e56,Patagonia,45,USD,TRUE,4/15/2025 10:59
prod_c8f58a408d5848ea99725a1f23869e56,Patagonia,45,USD,TRUE,4/14/2025 15:41
prod_5f0a882f05ad4f4ca3981d34bc5cbc0e,Patagonia,45,USD,TRUE,4/15/2025 10:59
prod_0115d40459924faa98eb87e218570f94,Patagonia,45,USD,TRUE,4/15/2025 10:59
prod_0115d40459924faa98eb87e218570f94,Patagonia,45,USD,TRUE,4/14/2025 15:41
prod_88dee7e7910f4b1ebee27df0ff260b6e,Patagonia,45,USD,TRUE,4/15/2025 10:59
prod_88dee7e7910f4b1ebee27df0ff260b6e,Patagonia,45,USD,TRUE,4/14/2025 15:41
prod_eb18c12adfb84353bb7b7ef35a6bf974,Patagonia,30.99,USD,TRUE,4/15/2025 10:59
prod_eb18c12adfb84353bb7b7ef35a6bf974,Patagonia,30.99,USD,TRUE,4/14/2025 15:41
prod_2ba46258e1764e9694636b3e284e6d9d,Patagonia,69,USD,TRUE,4/15/2025 10:59
prod_4cbcb7b812734329b5b366dbbb147f33,Patagonia,45,USD,TRUE,4/15/2025 10:59
prod_9674060fca52417d91d156459546a463,Aqua Chairs,549,USD,TRUE,4/15/2025 10:59
prod_cc25e4fb14bd49019190a8e0320cf107,Poshmark,15,USD,FALSE,4/14/2025 15:41
prod_c755b78d91474137a0dacdd69b060c9b,Mack Weldon,88,USD,TRUE,4/15/2025 10:59
prod_c755b78d91474137a0dacdd69b060c9b,Mack Weldon,88,USD,TRUE,4/14/2025 15:41
prod_7c26851055e143dbac4874fa6266da31,JRansomLA,78,USD,FALSE,4/15/2025 10:59
prod_7c26851055e143dbac4874fa6266da31,JRansomLA,78,USD,FALSE,4/14/2025 15:41
prod_384a40f180b54895b311ebbffdbd10ce,JRansomLA,72,USD,FALSE,4/15/2025 10:59
prod_384a40f180b54895b311ebbffdbd10ce,JRansomLA,72,USD,FALSE,4/14/2025 15:41
prod_de47569fc06d4f5c8268320b98e5d3a8,eBay - paranoidshopping,34.99,USD,FALSE,4/15/2025 10:59
prod_e173b71985fa4b129842385ea8e91fc8,Poshmark,25,USD,FALSE,4/14/2025 15:41
prod_07e3a699eac941e49f933f09d7be8b4f,eBay - fancyfinds,27.95,USD,TRUE,4/15/2025 10:59
prod_aa71de9cade647dd8eb6518ef0be1af2,Poshmark,39,USD,FALSE,4/14/2025 15:41
prod_db055a05f31248a6bcf48ce785bbc6d1,Geartrade.com,64.9,USD,FALSE,4/14/2025 15:41
prod_3af8ce01ed5946c08809b3a0fc286afa,Whatnot,26,USD,FALSE,4/15/2025 10:59
prod_966a17939cf54771a8d6e994affaf15f,eBay - thats-my-match,24.99,USD,FALSE,4/15/2025 10:59
prod_ca5ea85dbbc54677be718418800db17a,JRansomLA,78,USD,FALSE,4/15/2025 10:59
prod_ca5ea85dbbc54677be718418800db17a,JRansomLA,78,USD,FALSE,4/14/2025 15:41
prod_cc5d8a61955345188339ce3f20587e78,JRansomLA,72,USD,FALSE,4/15/2025 10:59
prod_beabcda61ce440ab8f09f8ad07357e0b,Poshmark,25,USD,FALSE,4/15/2025 10:59
prod_4eb9597a7b664fd3b5c4e96eb0e9032d,tentree.com,28,USD,FALSE,4/15/2025 10:59
prod_4eb9597a7b664fd3b5c4e96eb0e9032d,tentree.com,28,USD,FALSE,4/14/2025 15:41
prod_64185bf75cb440f996cf2df1ae3b16ee,tentree.com,40,USD,FALSE,4/15/2025 10:59
prod_83c15fc4cc8b47fc9215104d13bef6c0,tentree.com,40,USD,FALSE,4/15/2025 10:59
prod_83c15fc4cc8b47fc9215104d13bef6c0,tentree.com,40,USD,FALSE,4/14/2025 15:41
prod_0369ae876ff44d1bbe868e5aefb3154e,tentree.com,40,USD,FALSE,4/15/2025 10:59
prod_410eabf7437448ed9459b3a2528f3cf6,tentree.com,20,USD,FALSE,4/15/2025 10:59
prod_4cded5d5aaf14af2b372c2aa97ebf1d2,tentree.com,40,USD,FALSE,4/15/2025 10:59
prod_e60a7d3ce0c24418ac6ad1904f4caff6,tentree.com,28,USD,FALSE,4/15/2025 10:59
prod_e60a7d3ce0c24418ac6ad1904f4caff6,tentree.com,28,USD,FALSE,4/14/2025 15:41
prod_f348ef8040c340df9789e171cc2f235d,tentree.com,40,USD,FALSE,4/14/2025 15:41
prod_1ef37774fd8e486facea1d1504e0e467,tentree.com,40,USD,FALSE,4/15/2025 10:59
prod_4d44aa1fe43f46838a7a22d779fd6b6a,tentree.com,36,USD,FALSE,4/15/2025 10:59
prod_4d44aa1fe43f46838a7a22d779fd6b6a,tentree.com,36,USD,FALSE,4/14/2025 15:41
prod_405a0d6df254491da577f8b8c20b6cd2,tentree.com,36,USD,FALSE,4/15/2025 10:59
prod_405a0d6df254491da577f8b8c20b6cd2,tentree.com,36,USD,FALSE,4/14/2025 15:41
prod_24fef1e2171e439496d3100497787d7f,tentree.com,36,USD,FALSE,4/15/2025 10:59
prod_3187ed0a7dd04d2086dbda00edb618d7,tentree.com,40,USD,FALSE,4/15/2025 10:59
prod_3187ed0a7dd04d2086dbda00edb618d7,tentree.com,40,USD,FALSE,4/14/2025 15:41
prod_5584453c72d64cc5b11b30fe7fcf2b24,tentree.com,40,USD,FALSE,4/15/2025 10:59
prod_5584453c72d64cc5b11b30fe7fcf2b24,tentree.com,40,USD,FALSE,4/14/2025 15:41
prod_0e3fe22b27b74d978ca551ddd3a634cf,Poshmark,50,USD,FALSE,4/15/2025 10:59
prod_cedcb4cc08d24cc8a976291843a08030,Orvis,109,USD,FALSE,4/15/2025 10:59
prod_910222695e70494e975ba0812ec3bb5f,Orvis,98,USD,FALSE,4/15/2025 10:59
prod_e26668de10704f63881ce4e31f051c63,Orvis,110,USD,FALSE,4/15/2025 10:59
prod_40b0a5588d744f59b1b8ca37687c49e5,Orvis,89,USD,FALSE,4/15/2025 10:59
prod_40b0a5588d744f59b1b8ca37687c49e5,Orvis,89,USD,FALSE,4/14/2025 15:41
prod_eb5614af29e443498eecbd5e370b2645,Orvis,99,USD,FALSE,4/15/2025 10:59
prod_ecfa571922d54227810326a75e193978,Amazon.com - Seller,24.25,USD,FALSE,4/15/2025 10:59
prod_ecfa571922d54227810326a75e193978,Amazon.com - Seller,24.25,USD,TRUE,4/14/2025 15:41
prod_ac041a615a2a4a119423540c90f719fe,Orvis,89,USD,FALSE,4/15/2025 10:59
prod_5546b797b6a34485ade4520779d5fba5,Black Dog Outdoor Sports,98,USD,TRUE,4/15/2025 10:59
prod_50102312a8384a279f3ed851c4eaf4f2,eBay - rybou73,27.07,USD,FALSE,4/15/2025 10:59
prod_50102312a8384a279f3ed851c4eaf4f2,eBay - rybou73,27.07,USD,FALSE,4/14/2025 15:41
prod_49efd69afc0f4ec9be11b5854c35eff6,Orvis,110,USD,FALSE,4/15/2025 10:59
prod_daeecf009b7f48459f2823b1946da64a,Orvis,89.4,USD,FALSE,4/15/2025 10:59
prod_608b2442f3ff4948bae872c8ccc5bb8e,Orvis,89,USD,FALSE,4/15/2025 10:59
prod_608b2442f3ff4948bae872c8ccc5bb8e,Orvis,89,USD,FALSE,4/14/2025 15:41
prod_50b4c4781bf84df39edbd456352b8ead,Amazon.com - Seller,269.99,USD,TRUE,4/14/2025 15:41
prod_c8e4efc1061f47b8ac19bc4f4aa53369,Amazon.com - Seller,279.99,USD,TRUE,4/14/2025 15:41
prod_188c41cfe3954d63b41acf048ae28dc1,grandpatio.com,204.99,USD,TRUE,4/15/2025 10:59
prod_b7d947515f0e4dacb3ba061e351f8555,Dave's New York,49.99,USD,FALSE,4/15/2025 10:59
prod_85164132897a490b960b5cbce729b69c,JCPenney,48.65,USD,FALSE,4/14/2025 15:41
prod_77826a5a322840ccb385244bcc929271,eBay - kcargo56,42,USD,FALSE,4/14/2025 15:41
prod_7aaa6681865046a0882c7083b19b62a1,Levi's,39.99,USD,FALSE,4/15/2025 10:59
prod_7aaa6681865046a0882c7083b19b62a1,Levi's,39.99,USD,FALSE,4/14/2025 15:41
prod_0b02a78a6c1145599bf3d97d02683930,Levi's,48.65,USD,FALSE,4/15/2025 10:59
prod_d4a1a08eb7b2456ab45a54a514416209,Levi's,55.65,USD,FALSE,4/15/2025 10:59
prod_583c6dcd7e814e1eba513112cb3d0e7f,Levi's,64.98,USD,FALSE,4/15/2025 10:59
prod_a0099f1ed103423ab8462744dc991fa7,Macy's,47.7,USD,FALSE,4/15/2025 10:59
prod_95d631736dd14624a32424d2468d0399,Levi's,48.65,USD,FALSE,4/15/2025 10:59
prod_8fe0ff7db1f944a082979086ddb3db4f,Levi's,34.98,USD,FALSE,4/15/2025 10:59
prod_8fe0ff7db1f944a082979086ddb3db4f,Levi's,34.98,USD,FALSE,4/14/2025 15:41
prod_737b268d42944b7c977e59b111753bd5,Rhone,103.6,USD,TRUE,4/15/2025 10:59
prod_37af7ffdf4f945ebbce4273e4eff94be,Poshmark,35,USD,FALSE,4/15/2025 10:59
prod_eeba42d09b464f628b592f381080165d,eBay - blurrr_llc,26.99,USD,FALSE,4/15/2025 10:59
prod_80391d6e03384b5b9bde0a1cdd2bd6aa,Bloomingdale's,98,USD,FALSE,4/15/2025 10:59
prod_2f70678c271443e190991ead14c83163,Poshmark,50,USD,FALSE,4/15/2025 10:59
prod_6293cf2b2a79428e9bda06e931c4613d,eBay - majest76,49.95,USD,FALSE,4/15/2025 10:59
prod_6293cf2b2a79428e9bda06e931c4613d,eBay - majest76,49.95,USD,FALSE,4/14/2025 15:41
prod_f8767d94ffec49d5b59564bb3d0ec81b,REI,118,USD,TRUE,4/15/2025 10:59
prod_f8767d94ffec49d5b59564bb3d0ec81b,REI,118,USD,TRUE,4/14/2025 15:41
prod_4cc3d84b16374ccb8257e9160e78bf9c,eBay - countless_finds,24.95,USD,FALSE,4/15/2025 10:59
prod_48ca202e369e4b67b06222342d6733e7,REI,81.93,USD,TRUE,4/15/2025 10:59
prod_bd1c4f0bf0fe475493a40d7b823785e0,Rhone,44,USD,TRUE,4/15/2025 10:59
prod_bd1c4f0bf0fe475493a40d7b823785e0,Rhone,44,USD,TRUE,4/14/2025 15:41
prod_8ed7bbef25ec496b9f243e0671257de4,Rhone,128,USD,TRUE,4/15/2025 10:59
prod_8ed7bbef25ec496b9f243e0671257de4,Nordstrom,128,USD,TRUE,4/14/2025 15:41
prod_f8d26e88cde74e9b91cd4c5629893d99,Vuori Clothing,128,USD,TRUE,4/15/2025 10:59
prod_4fc60c0582584347b3fd9ee6a79b1eaa,Vuori Clothing,128,USD,TRUE,4/15/2025 10:59
prod_4fc60c0582584347b3fd9ee6a79b1eaa,Vuori Clothing,128,USD,TRUE,4/14/2025 15:41
prod_73995a6b78b24c308bd6d8bdce17f64d,Vuori Clothing,98,USD,TRUE,4/14/2025 15:41
prod_0c395da2bde34589a94cb431e8db71c7,Vuori Clothing,138,USD,TRUE,4/15/2025 10:59
prod_49850849a97a46e5bb2642e12b1bb4bd,Hansen Surfboards,98,USD,TRUE,4/15/2025 10:59
prod_b3e614b2e3f84f548853228a72fce464,eBay - madd-dealz2,52.49,USD,TRUE,4/14/2025 15:41
prod_3c1044dc291845ed8923601b8ad31bd0,Mountain High Outfitters,98,USD,FALSE,4/15/2025 10:59
prod_d21b60d9cba047dfb0e39f17c3fe3ceb,Vuori Clothing,148,USD,TRUE,4/15/2025 10:59
prod_6317073c2bff460a8b23a9bca47a2e18,Vuori Clothing,94,USD,TRUE,4/15/2025 10:59
prod_6317073c2bff460a8b23a9bca47a2e18,Vuori Clothing,94,USD,TRUE,4/14/2025 15:41
prod_472e00e650674c7d9e36dc9a273d4cf4,REI,108,USD,TRUE,4/15/2025 10:59
prod_7825981260b3464b87cd7a24434f4879,CRAFTD London,119.99,USD,TRUE,4/15/2025 10:59
prod_7825981260b3464b87cd7a24434f4879,CRAFTD London,119.99,USD,TRUE,4/14/2025 15:41
prod_06067953a00d45319d6d5de852d2ce36,CRAFTD London,159.99,USD,TRUE,4/15/2025 10:59
prod_eb91fdd91bc44c8d90c95168d8cdcf7f,CRAFTD London,69.99,USD,TRUE,4/15/2025 10:59
prod_a3e99d5892ba4827b8b055587278dfd7,CRAFTD London,94.99,USD,TRUE,4/15/2025 10:59
prod_479ada1154b54707929344347d0970dc,CRAFTD London,199.99,USD,TRUE,4/15/2025 10:59
prod_8e650362d3084ec9a9c33410236dd524,CRAFTD London,134.99,USD,TRUE,4/15/2025 10:59
prod_8e650362d3084ec9a9c33410236dd524,CRAFTD London,134.99,USD,TRUE,4/14/2025 15:41
prod_969965ebc8c0427795ae93759fb27e55,CRAFTD London,134.99,USD,TRUE,4/15/2025 10:59
prod_969965ebc8c0427795ae93759fb27e55,CRAFTD London,134.99,USD,TRUE,4/14/2025 15:41
prod_b2d83f0ad6844b798531dce1f9a6e4ee,CRAFTD London,94.99,USD,TRUE,4/15/2025 10:59
prod_aee9f69ab7ff4a94b691e21f30ec63e9,CRAFTD London,104.99,USD,TRUE,4/15/2025 10:59
prod_aee9f69ab7ff4a94b691e21f30ec63e9,CRAFTD London,104.99,USD,TRUE,4/14/2025 15:41
prod_8b383966c2eb47c08015fc8418af2ea5,CRAFTD London,89.99,USD,TRUE,4/15/2025 10:59
prod_b0a161fe705e43f5994c839939c96d22,GoFloats,379.99,USD,TRUE,4/15/2025 10:59
prod_b0a161fe705e43f5994c839939c96d22,GoFloats,379.99,USD,TRUE,4/14/2025 15:41
prod_e69fcac25e534f7e9ae26ba937251094,Lowe's,571.05,USD,FALSE,4/15/2025 10:59
prod_1e15e51cbf3a47098fee4b9c73e5600e,Lowe's,229.99,USD,FALSE,4/15/2025 10:59
prod_1e15e51cbf3a47098fee4b9c73e5600e,Target,229.99,USD,TRUE,4/14/2025 15:41
prod_2e8b8e0325f440199f75ccc1f3049f00,Lowe's,79.99,USD,FALSE,4/15/2025 10:59
prod_2e8b8e0325f440199f75ccc1f3049f00,GoSports,79.99,USD,TRUE,4/14/2025 15:41
prod_831d271d672f4e9c9c418c11ced69d7d,Amazon.com,499.99,USD,TRUE,4/15/2025 10:59
prod_4629389e7ae1486fae726734e291e064,GoSports,24.99,USD,FALSE,4/15/2025 10:59
prod_4629389e7ae1486fae726734e291e064,GoSports,24.99,USD,FALSE,4/14/2025 15:41
prod_65a7e25365974b3d9ab4617bbd2e20bb,GoSports,129.99,USD,TRUE,4/15/2025 10:59
prod_9233fdf33166478682ca09cb5e65280b,Cabela's,349.99,USD,TRUE,4/15/2025 10:59
prod_9233fdf33166478682ca09cb5e65280b,Cabela's,349.99,USD,TRUE,4/14/2025 15:41
prod_a23f2afc16854fb08e8b28c680c7efe0,Amazon.com,34.99,USD,FALSE,4/15/2025 10:59
prod_a23f2afc16854fb08e8b28c680c7efe0,Amazon.com,34.99,USD,FALSE,4/14/2025 15:41
prod_bc398c3b42d842c38ce6d70f9d6cf4a6,GoSports,349.99,USD,TRUE,4/15/2025 10:59
prod_c733d0e44aa04d3fbfcd3a687daa6f09,MindWare,41.95,USD,TRUE,4/15/2025 10:59
prod_c733d0e44aa04d3fbfcd3a687daa6f09,MindWare,41.95,USD,TRUE,4/14/2025 15:41
prod_6405f541a1ad4db780e0d6d0d69ce0a2,GoSports,129.99,USD,TRUE,4/15/2025 10:59
prod_6405f541a1ad4db780e0d6d0d69ce0a2,GoSports,129.99,USD,TRUE,4/14/2025 15:41
prod_b681d1403e674dfea36b9a4253d16d4c,Faherty,129,USD,TRUE,4/15/2025 10:59
prod_e19f65e5a2f24d14b600327c649da613,Faherty,259,USD,TRUE,4/15/2025 10:59
prod_bca19597da13493aaefa2ce2a796b383,Faherty,178,USD,TRUE,4/15/2025 10:59
prod_f9cbd8650cb9422c903125b26596e118,Faherty,89,USD,TRUE,4/15/2025 10:59
prod_f9cbd8650cb9422c903125b26596e118,Faherty,89,USD,TRUE,4/14/2025 15:41
prod_5ba47c5643eb4518bdb525b7d4863d8a,lululemon,128,USD,TRUE,4/15/2025 10:59
prod_0caea31fbe444045aa47e37dd0923e4c,lululemon,128,USD,TRUE,4/14/2025 15:41
prod_b2c418d715d340278eee931a606d640f,lululemon,128,USD,TRUE,4/15/2025 10:59
prod_b2c418d715d340278eee931a606d640f,lululemon,128,USD,TRUE,4/14/2025 15:41
prod_6e57f5bb82094120b4dfa5a45d1e228d,Reigning Champ US,110,USD,TRUE,4/15/2025 10:59
prod_cc76cf079c99466abdb2235241e4c712,Reigning Champ US,110,USD,TRUE,4/15/2025 10:59
prod_e416c897fe00426cb22a02337dc1db8f,Reigning Champ US,110,USD,TRUE,4/14/2025 15:41
prod_d07120055db64dc28c2ac138eabc1fc9,Reigning Champ US,110,USD,TRUE,4/14/2025 15:41
prod_62b15f48c87f4a1c81309483cbafce82,TXDXE,50,USD,FALSE,4/15/2025 10:59
prod_362d09c259c742ddb7c28ea1d886ba55,Reigning Champ US,110,USD,TRUE,4/15/2025 10:59
prod_362d09c259c742ddb7c28ea1d886ba55,Reigning Champ US,110,USD,TRUE,4/14/2025 15:41
prod_bea5a2c557684ba98907c513d039a334,Reigning Champ US,110,USD,TRUE,4/15/2025 10:59
prod_ac238827a3ae4144907a83ca8d4c3662,evolveclothinggallery.com,110,USD,TRUE,4/15/2025 10:59
prod_e0544c4e297a4e0fa4c55de9533c9171,L.L.Bean,49.99,USD,TRUE,4/15/2025 10:59
prod_c74c48c64ef0484291af66a58bf6cd43,L.L.Bean,34.99,USD,TRUE,4/15/2025 10:59
prod_6ab67f2448144ee5b8a5c85a83361bca,L.L.Bean,74.99,USD,TRUE,4/14/2025 15:41
prod_c4b019322db14e4f8f56599520ab2393,Marine Layer,32,USD,TRUE,4/15/2025 10:59
prod_05635ae46ba64230bbaa07aaf9f7e057,Gilbert & Evans,48,USD,TRUE,4/15/2025 10:59
prod_922e32f3afb64383925d6b500b19a1dd,Huckberry,54,USD,TRUE,4/15/2025 10:59
prod_922e32f3afb64383925d6b500b19a1dd,Huckberry,54,USD,TRUE,4/14/2025 15:41
prod_a37b7c0894304f83b9dd05d25ac44b1a,Lyst,54,USD,FALSE,4/15/2025 10:59
prod_5ea593f0ef9c4bebbdef31711b7961eb,Outdoor Voices,88,USD,TRUE,4/15/2025 10:59
prod_6a9698513d854327b1281f5f445bbf5a,Outdoor Voices,98,USD,TRUE,4/15/2025 10:59
prod_cc68c8ef278244f6af7567121b23a34b,Ministry of Supply,95,USD,TRUE,4/15/2025 10:59
prod_0f03c7a3f7d14a23b5ee86a7bb4b8db2,eBay,79.99,USD,TRUE,4/15/2025 10:59
prod_caa9306685c14f1a96f4a3e7027ff7e5,Poshmark,32,USD,FALSE,4/15/2025 10:59
prod_caa9306685c14f1a96f4a3e7027ff7e5,eBay - jerzeyjayllc,75,USD,FALSE,4/14/2025 15:41
prod_11522db0d97a470494f86cec46dd6b46,Ministry of Supply,74,USD,TRUE,4/15/2025 10:59
prod_11522db0d97a470494f86cec46dd6b46,Ministry of Supply,74,USD,TRUE,4/14/2025 15:41
prod_712194be9bda4c8cb0e54cdd2621c8b9,eBay - jaflet_51,49.95,USD,FALSE,4/15/2025 10:59
prod_64c2aad7195243cf820a62b0dcea3b20,Taelor,65.1,USD,TRUE,4/15/2025 10:59
prod_64c2aad7195243cf820a62b0dcea3b20,Taelor,65.1,USD,TRUE,4/14/2025 15:41
prod_72c29e7ca00244ccb0bd97ea43792329,Ministry of Supply,49,USD,TRUE,4/15/2025 10:59
prod_b0ccdd42c6524e608bf345f2dfc203d8,Ministry of Supply,159,USD,TRUE,4/15/2025 10:59
prod_b0ccdd42c6524e608bf345f2dfc203d8,Ministry of Supply,159,USD,TRUE,4/14/2025 15:41
prod_096080731b3241c8939dee86b9498dd6,Ministry of Supply,94,USD,TRUE,4/15/2025 10:59
prod_48b052cd89464acda018cb32f3a9ec62,Ministry of Supply,159,USD,TRUE,4/15/2025 10:59
prod_eac810f108a046ddad984136777ff179,Ministry of Supply,79,USD,TRUE,4/15/2025 10:59
prod_3b50c428d28e4609bc56705561e1e7fa,Poshmark,32,USD,FALSE,4/15/2025 10:59
prod_e305a72aacdd47e7ad0fbc0ef14717ba,Everlane,35,USD,FALSE,4/15/2025 10:59
prod_e305a72aacdd47e7ad0fbc0ef14717ba,Everlane,35,USD,FALSE,4/14/2025 15:41
prod_9112f8d75e474408a78916e1c3540b41,Everlane,78,USD,FALSE,4/15/2025 10:59
prod_9112f8d75e474408a78916e1c3540b41,Everlane,78,USD,FALSE,4/14/2025 15:41
prod_c534684b67dc4beca929f44c9de5f696,Everlane,44,USD,FALSE,4/15/2025 10:59
prod_d9e767d3e6014563b6afe19095353378,Everlane,98,USD,FALSE,4/15/2025 10:59
prod_d9e767d3e6014563b6afe19095353378,Everlane,98,USD,FALSE,4/14/2025 15:41
prod_132f28af617c44ffb5ad930baf6dcf26,Everlane,88,USD,FALSE,4/15/2025 10:59
prod_132f28af617c44ffb5ad930baf6dcf26,Everlane,88,USD,FALSE,4/14/2025 15:41
prod_7efb1f66118c455d94dc8d3c2a10e1d0,Everlane,88,USD,FALSE,4/15/2025 10:59
prod_7efb1f66118c455d94dc8d3c2a10e1d0,Everlane,88,USD,FALSE,4/14/2025 15:41
prod_cb3fc7ca995d4d6eb74e2966d51d9d5e,Poshmark,50,USD,FALSE,4/15/2025 10:59
prod_cb3fc7ca995d4d6eb74e2966d51d9d5e,Poshmark,50,USD,FALSE,4/14/2025 15:41
prod_e4867694235f4f0db354a041ad40f331,Editorialist,88,USD,FALSE,4/15/2025 10:59
prod_e4867694235f4f0db354a041ad40f331,Editorialist,88,USD,FALSE,4/14/2025 15:41
prod_d8da45c7fa2d46f786b2def6ee3d49c7,Everlane,78,USD,FALSE,4/15/2025 10:59
prod_d8da45c7fa2d46f786b2def6ee3d49c7,Everlane,78,USD,FALSE,4/14/2025 15:41
prod_ee450d0539034ca0ac916c5041b086eb,The GLD Shop,279,USD,TRUE,4/15/2025 10:59
prod_ee450d0539034ca0ac916c5041b086eb,The GLD Shop,279,USD,TRUE,4/14/2025 15:41
prod_e0d73fe7dc594032ae00ec6ecefb4260,Amazon.com - Seller,459,USD,TRUE,4/14/2025 15:41
prod_0b8595c11f3743dfa771462081c0284c,Purple Leaf Garden,309,USD,TRUE,4/15/2025 10:59
prod_ed1deabf8d6d4d30a6b7160b6c8f3a17,Home Depot,368.09,USD,TRUE,4/15/2025 10:59
prod_2acd60ee26de4694a67412b2b74977de,Amazon.com - Seller,322.15,USD,TRUE,4/15/2025 10:59
prod_2acd60ee26de4694a67412b2b74977de,Amazon.com - Seller,322.15,USD,TRUE,4/14/2025 15:41
prod_6a56068229fc4cd8a4b1bb5b539456aa,Steep & Cheap,134.25,USD,FALSE,4/15/2025 10:59
prod_6a56068229fc4cd8a4b1bb5b539456aa,Steep & Cheap,134.25,USD,FALSE,4/14/2025 15:41
prod_97c91950a30e43878d451b62f7079993,Macy's,59.7,USD,TRUE,4/15/2025 10:59
prod_10fb5385efd446b5b659e77df7a63a4b,Pendleton,74.62,USD,TRUE,4/15/2025 10:59
prod_10fb5385efd446b5b659e77df7a63a4b,Pendleton,74.62,USD,TRUE,4/14/2025 15:41
prod_f7edd4645e364a83a999424a8a6b5687,Backcountry.com,74.62,USD,TRUE,4/15/2025 10:59
prod_f7edd4645e364a83a999424a8a6b5687,Steep & Cheap,74.62,USD,FALSE,4/14/2025 15:41
prod_f0ca44a28fe54ffb8c3ed12c900f9468,Amazon.com,69.75,USD,TRUE,4/15/2025 10:59
prod_ebfdfccb708a4e519747e88a5b5b5702,Boot Barn,110.97,USD,TRUE,4/15/2025 10:59
prod_042e864be5994764b637b96e53bcd196,Kleinschmidt's Western Store,89.95,USD,TRUE,4/15/2025 10:59
prod_042e864be5994764b637b96e53bcd196,Kleinschmidt's Western Store,89.95,USD,TRUE,4/14/2025 15:41
prod_bd81355a4efa4a8da301afbb91fec3f0,Pendleton,96.75,USD,TRUE,4/15/2025 10:59
prod_f5fc3f3e689f425ab65c565e4962e671,Club Monaco,98,USD,FALSE,4/15/2025 10:59
prod_665f94a478dc4e5086c839d9d900674a,Club Monaco,148,USD,FALSE,4/15/2025 10:59
prod_e305e6ca69204e06a23451bb3577ff21,Lyst,128,USD,TRUE,4/15/2025 10:59
prod_e305e6ca69204e06a23451bb3577ff21,Lyst,128,USD,TRUE,4/14/2025 15:41
prod_67ac5d85354b442181c7223c788e52d6,Club Monaco,148,USD,FALSE,4/15/2025 10:59
prod_1e16998e2e254850a3b10c2abd4d5bf0,Club Monaco,89,USD,FALSE,4/15/2025 10:59
prod_8e78b16d575d4dbb9dd13c004cdd4838,Poshmark,55,USD,FALSE,4/14/2025 15:41
prod_d2ef664cd8334917b18a3ac1d646e1c7,Club Monaco,198,USD,FALSE,4/15/2025 10:59
prod_e019d83e06c14e5883292f41222616be,MR PORTER,45,USD,TRUE,4/15/2025 10:59
prod_e019d83e06c14e5883292f41222616be,MR PORTER,45,USD,TRUE,4/14/2025 15:41
prod_9493bd270c394bdc8effefa0f82f23ef,Amazon.com,99.23,USD,TRUE,4/15/2025 10:59
prod_9493bd270c394bdc8effefa0f82f23ef,Amazon.com,97.08,USD,TRUE,4/14/2025 15:41
prod_f6de360888db47d1843f56bd499e1105,Jaxxon,228,USD,TRUE,4/15/2025 10:59
prod_89ec1e3b2d9d4cedb522a87bb2de6e96,Jaxxon,248,USD,TRUE,4/15/2025 10:59
prod_cc33af6e37db4dcda5eba1dd3ba3a8d2,Jaxxon,298,USD,TRUE,4/15/2025 10:59
prod_cc33af6e37db4dcda5eba1dd3ba3a8d2,Jaxxon,298,USD,TRUE,4/14/2025 15:41
prod_3468495eb7934497a8febe88ad440315,Jaxxon,149,USD,TRUE,4/15/2025 10:59
prod_3468495eb7934497a8febe88ad440315,Jaxxon,179,USD,TRUE,4/14/2025 15:41
prod_cfe2c7b569504fb4aaebe053c59b54d5,Jaxxon,299,USD,TRUE,4/15/2025 10:59
prod_cfe2c7b569504fb4aaebe053c59b54d5,Jaxxon,299,USD,TRUE,4/14/2025 15:41
prod_2c02020818954c5d8af17dbe038052a8,Jaxxon,399,USD,TRUE,4/15/2025 10:59
prod_2c02020818954c5d8af17dbe038052a8,Jaxxon,399,USD,TRUE,4/14/2025 15:41
prod_d4900ce224e342a48ad0a3ccaf1a70ce,Jaxxon,1599,USD,TRUE,4/15/2025 10:59
prod_434e9f6196544182a32ace6a0d6d17fb,Jaxxon,124,USD,TRUE,4/15/2025 10:59
prod_434e9f6196544182a32ace6a0d6d17fb,Jaxxon,124,USD,TRUE,4/14/2025 15:41
prod_d487151966af404faadea29c1e72561c,Jaxxon,399,USD,TRUE,4/15/2025 10:59
prod_d487151966af404faadea29c1e72561c,Jaxxon,399,USD,TRUE,4/14/2025 15:41
prod_b9ee14dcce47448faca99671d71568b8,Jaxxon,199,USD,TRUE,4/15/2025 10:59
prod_28ba6511eb2c43a284ab2b46f9ecf9cd,Jaxxon,498,USD,TRUE,4/15/2025 10:59
prod_8b4899cf92ad4d1cb956836e1c8f3e74,Jaxxon,498,USD,TRUE,4/15/2025 10:59
prod_8b4899cf92ad4d1cb956836e1c8f3e74,Jaxxon,498,USD,TRUE,4/14/2025 15:41
prod_e11185dbff1944eb8ed5046ea9698e91,Jaxxon,348,USD,TRUE,4/15/2025 10:59
prod_6dd999d072ac42ba9149de70d5a21a5b,Jaxxon,318,USD,TRUE,4/15/2025 10:59
prod_6dd999d072ac42ba9149de70d5a21a5b,Jaxxon,318,USD,TRUE,4/14/2025 15:41
prod_5b935f28f27146448a0654904a3627b7,Jaxxon,249,USD,TRUE,4/15/2025 10:59
prod_5b935f28f27146448a0654904a3627b7,Jaxxon,199,USD,TRUE,4/14/2025 15:41
prod_1e1a58edceb245d28aff04c4784133ec,Jaxxon,208,USD,TRUE,4/15/2025 10:59
prod_1e1a58edceb245d28aff04c4784133ec,Jaxxon,208,USD,TRUE,4/14/2025 15:41
prod_6d8f8dab8aa94803ba479108448bef51,Jaxxon,398,USD,TRUE,4/15/2025 10:59
prod_813f8ae7236e4154b456582898188abf,Carhartt Work in Progress,178,USD,TRUE,4/15/2025 10:59
prod_813f8ae7236e4154b456582898188abf,Carhartt Work in Progress,178,USD,TRUE,4/14/2025 15:41
prod_0223574249f84905b372e3cded07ad16,Carhartt Work in Progress,258,USD,TRUE,4/15/2025 10:59
prod_0223574249f84905b372e3cded07ad16,Carhartt Work in Progress,258,USD,TRUE,4/14/2025 15:41
prod_f389bdd653ef42d79de38a42bdae276b,USA Outdoor Furniture,4879.2,USD,TRUE,4/14/2025 15:41
prod_f389bdd653ef42d79de38a42bdae276b,USA Outdoor Furniture,4879.2,USD,TRUE,4/14/2025 15:41
prod_49a1a4ccb7374ea9acd30b6f5c6d14c3,calwesthome.com,3937.5,USD,TRUE,4/15/2025 10:59
prod_49a1a4ccb7374ea9acd30b6f5c6d14c3,calwesthome.com,3937.5,USD,TRUE,4/14/2025 15:41
prod_c31e7054322a4d298f433d97db379997,Houzz,6276,USD,TRUE,4/14/2025 15:41
prod_00859f00c7924b8595abdff1c9d92874,Today's Patio,5549,USD,TRUE,4/14/2025 15:41
prod_476d774c85b24355abdeb36ed880c136,Patio Productions,2912,USD,FALSE,4/14/2025 15:41
prod_476d774c85b24355abdeb36ed880c136,Patio Productions,2912,USD,FALSE,4/14/2025 15:41
prod_8a20840aecd8450aace771867d949f12,Today's Patio,4479,USD,TRUE,4/14/2025 15:41
prod_6f953893992b47c3ac9bd0a2c4231521,Perigold,4596,USD,TRUE,4/14/2025 15:41
prod_6f953893992b47c3ac9bd0a2c4231521,Perigold,4596,USD,TRUE,4/14/2025 15:41
prod_6b00f3c0c0714c078ec19b304de98371,Amazon.com - Seller,45,USD,TRUE,4/14/2025 15:41
prod_1a28d28c32af4d22bcdd9da87c2a7e09,Amazon.com - Seller,38.49,USD,FALSE,4/14/2025 15:41
prod_1a229a7747604e59a8a624a46c6adce0,Carhartt,32.99,USD,TRUE,4/14/2025 15:41
prod_37fc626af08a406893feb40a8e9d21b8,Carhartt,39.99,USD,TRUE,4/15/2025 10:59
prod_3ff9718237f343d49ab9d3377b995002,Carhartt Reworked,45,USD,TRUE,4/15/2025 10:59
prod_c3f18cd3debf4e18a3b87dcb4ba5bbc5,Dungarees,47.99,USD,TRUE,4/14/2025 15:41
prod_4a1c545d7ce545deb36431773f1dbb4e,Oasis Outback,54.99,USD,FALSE,4/15/2025 10:59
prod_4a1c545d7ce545deb36431773f1dbb4e,Oasis Outback,54.99,USD,FALSE,4/14/2025 15:41
prod_d030e796ce954c70b0e8d5e39c796f2d,Rural King,55.88,USD,FALSE,4/14/2025 15:41
prod_6b3b4a0d4edf4de5be712d5f796d7485,Dickies.com,34.99,USD,FALSE,4/14/2025 15:41
prod_cdceb52cf4d041d9b9ef994b01a04f35,Sheplers.com,39.99,USD,TRUE,4/15/2025 10:59
prod_657b2282da1645d59e9c03421f552dad,Walmart,19.99,USD,FALSE,4/14/2025 15:41
prod_de62618779494f9f805c9fe1f6d13d7b,Dockers,34.97,USD,TRUE,4/14/2025 15:41
prod_5ac08ce23ba64cdd9bb62ebd7ce15ced,Dockers,60,USD,TRUE,4/14/2025 15:41
prod_44424f75d8d943f9b87c58876b5cae39,Unclaimed Baggage,3.77,USD,TRUE,4/15/2025 10:59
prod_3bfd9b51dfcc45a585aa5fa521d128a1,Amazon.com,30.31,USD,FALSE,4/15/2025 10:59
prod_3bfd9b51dfcc45a585aa5fa521d128a1,Dockers,62,USD,TRUE,4/14/2025 15:41
prod_291678303ed0470489940eee79a66771,Taylor Stitch,60,USD,TRUE,4/14/2025 15:41
prod_2e5a8987d9274287a6ce82d3e228b3fa,Taylor Stitch,50,USD,TRUE,4/15/2025 10:59
prod_2e5a8987d9274287a6ce82d3e228b3fa,Taylor Stitch,50,USD,TRUE,4/14/2025 15:41
prod_d5ab1cf24dc546fa81fd259c9a14eae1,Taylor Stitch,98,USD,TRUE,4/15/2025 10:59
prod_b8c114d742e94f06b210a973c5e5eb24,Taylor Stitch,168,USD,TRUE,4/14/2025 15:41
prod_166729028e3a408db2b429f4ac015736,eBay - the.deal.ninja,24.99,USD,TRUE,4/14/2025 15:41
prod_7e0db672c8314ca388d8a39af85c7c9e,Taylor Stitch,50,USD,TRUE,4/14/2025 15:41
prod_981b78fcb75349509ccd92457655fd87,Above Snakes,45,USD,FALSE,4/14/2025 15:41
prod_fe42ed4ed18e49ccb7dec26bac5072f7,Taylor Stitch,132,USD,TRUE,4/14/2025 15:41
prod_8c9bc20526ac4bbc92c9db184243753c,eBay - the.deal.ninja,24.99,USD,TRUE,4/14/2025 15:41
prod_dcf1191e17aa488294bf40e23ee3157e,Taylor Stitch,168,USD,TRUE,4/15/2025 10:59
prod_dcf1191e17aa488294bf40e23ee3157e,Taylor Stitch,168,USD,TRUE,4/14/2025 15:41
prod_104b9d48aa2947fc98d047b6f51de6ff,Taylor Stitch,168,USD,TRUE,4/15/2025 10:59
prod_da6bb8e9a50e40f39c008ef6a66eaa59,Taylor Stitch,45,USD,TRUE,4/15/2025 10:59
prod_039a0344df1a4e6181bb736f70494d3a,Taylor Stitch,108,USD,TRUE,4/14/2025 15:41
prod_46bea04d8d47498e9724e52467b35470,J.Crew,56.5,USD,FALSE,4/15/2025 10:59
prod_46bea04d8d47498e9724e52467b35470,J.Crew,56.5,USD,FALSE,4/14/2025 15:41
prod_c8bf5dbdbbef4fd998eae8e036e6eebd,J.Crew Factory,58.5,USD,FALSE,4/14/2025 15:41
prod_99e7d479bd6a4ce8845d6dac109ed78f,J.Crew,56.5,USD,FALSE,4/15/2025 10:59
prod_99e7d479bd6a4ce8845d6dac109ed78f,J.Crew,56.5,USD,FALSE,4/14/2025 15:41
prod_d904ce90ea654884b8d82191be104cc6,J.Crew,118,USD,FALSE,4/15/2025 10:59
prod_287744e099bf46379da948e75aa00468,J.Crew,52.5,USD,FALSE,4/15/2025 10:59
prod_d042754d86104eb1800dc140cab60deb,J.Crew,114.99,USD,FALSE,4/15/2025 10:59
prod_a3b116dc1be34c37928de83610253bab,J.Crew,46.5,USD,FALSE,4/15/2025 10:59
prod_6e95c205ebee4963b5b9419c45a64505,J.Crew Factory,44.5,USD,FALSE,4/15/2025 10:59
prod_c3d2d7f1c3cd488293dc6ca164724f3d,J.Crew,52.5,USD,FALSE,4/15/2025 10:59
prod_c3d2d7f1c3cd488293dc6ca164724f3d,J.Crew,52.5,USD,FALSE,4/14/2025 15:41
prod_ef017ba31cbf45fa8e7347468f38393e,J.Crew,52.5,USD,FALSE,4/15/2025 10:59
prod_f9fb8e337d054a6887ead0847846027d,J.Crew,56.5,USD,FALSE,4/15/2025 10:59
prod_f9fb8e337d054a6887ead0847846027d,J.Crew,56.5,USD,FALSE,4/14/2025 15:41
prod_3b6a3822fa1c4bf6bd6e16fe906e27f6,Step2,69.99,USD,TRUE,4/15/2025 10:59
prod_8d5d17b370f64c15952e9a95c39225f5,Step2,299.99,USD,TRUE,4/15/2025 10:59
prod_8d5d17b370f64c15952e9a95c39225f5,Step2,299.99,USD,TRUE,4/14/2025 15:41
prod_81944bc7e24c4aa98ccbe8c4c1bff5dc,Step2,499.99,USD,TRUE,4/15/2025 10:59
prod_81944bc7e24c4aa98ccbe8c4c1bff5dc,Step2,499.99,USD,TRUE,4/14/2025 15:41
prod_fe07da11ad0241ebb468ad075f425c8e,Step2,449.99,USD,TRUE,4/15/2025 10:59
prod_fe07da11ad0241ebb468ad075f425c8e,Step2,449.99,USD,TRUE,4/14/2025 15:41
prod_73fcdae4a33e47cc984d57440fd44669,Uniqlo,39.9,USD,TRUE,4/15/2025 10:59
prod_056ef2dc1ef047f89efb12834eb7a6a2,Poshmark,40,USD,FALSE,4/15/2025 10:59
prod_3789b8d7e106402381b999bae71fa7a9,Uniqlo,49.9,USD,TRUE,4/14/2025 15:41
prod_92c9dd50299843649e5bd0efe7b97556,Uniqlo,49.9,USD,TRUE,4/14/2025 15:41
prod_3b82774013354f21ba1ffcf6cb80de94,eBay - melenart11,26.98,USD,FALSE,4/15/2025 10:59
prod_f7ba0bcab69245e099a4d55a09b0b6b7,Uniqlo,49.9,USD,TRUE,4/14/2025 15:41
prod_c6781346e53e493c8f72d980bbaec05e,eBay - pnw_goods,22.45,USD,FALSE,4/15/2025 10:59
prod_c6781346e53e493c8f72d980bbaec05e,eBay - pnw_goods,22.45,USD,FALSE,4/14/2025 15:41
prod_063132d6662949e4ba09059d0ad035cc,Outerknown,168,USD,TRUE,4/15/2025 10:59
prod_2e668dfeef8a45929a5fa646ad836396,Outerknown,58,USD,TRUE,4/14/2025 15:41
prod_c268e22407c5470786e7cb19c39eeed8,Hawaiian South Shore,58,USD,TRUE,4/15/2025 10:59
prod_c268e22407c5470786e7cb19c39eeed8,Hawaiian South Shore,58,USD,TRUE,4/14/2025 15:41
prod_ea89d342a2cf4e268c2a80571008007b,Outerknown,58,USD,TRUE,4/15/2025 10:59
prod_d768237304694d60a5e70cf0c196dbbd,Outerknown,28,USD,TRUE,4/15/2025 10:59
prod_d768237304694d60a5e70cf0c196dbbd,Outerknown,28,USD,TRUE,4/14/2025 15:41
prod_1fff8b84fd9744349b9564f87e11a5be,Outerknown,48,USD,TRUE,4/15/2025 10:59
prod_1fff8b84fd9744349b9564f87e11a5be,Outerknown,48,USD,TRUE,4/14/2025 15:41
prod_a96cbf92b7464a71852b88e44525e611,Outerknown,58,USD,TRUE,4/15/2025 10:59
prod_a96cbf92b7464a71852b88e44525e611,Outerknown,58,USD,TRUE,4/14/2025 15:41
prod_7f14dd34bb2346b5bcb363a0917add17,Outerknown,58,USD,TRUE,4/15/2025 10:59
prod_c1da13d4fdcb4f55b9911e589b6ff337,Outerknown,48,USD,TRUE,4/15/2025 10:59
prod_c1da13d4fdcb4f55b9911e589b6ff337,Outerknown,48,USD,TRUE,4/14/2025 15:41
prod_c546714c78eb4ec39a0efafbf4f1fb83,Outerknown,58,USD,TRUE,4/15/2025 10:59
prod_5b385222f1894400ad813cc1f02dcc82,Todd Snyder,94,USD,FALSE,4/15/2025 10:59
prod_5b385222f1894400ad813cc1f02dcc82,Todd Snyder,94,USD,FALSE,4/14/2025 15:41
prod_62f30c85f0024c9faf738226627932c2,Todd Snyder,198,USD,FALSE,4/15/2025 10:59
prod_62f30c85f0024c9faf738226627932c2,Todd Snyder,198,USD,FALSE,4/14/2025 15:41
prod_b8a3094093a5467cb095832ec1f18f24,Todd Snyder,228,USD,FALSE,4/15/2025 10:59
prod_860a599649af475b8438284313cf68ca,Todd Snyder,198,USD,FALSE,4/14/2025 15:41
prod_fb38587798434f44a2ea76026ef60d36,Todd Snyder,198,USD,FALSE,4/15/2025 10:59
prod_fb38587798434f44a2ea76026ef60d36,Todd Snyder,198,USD,FALSE,4/14/2025 15:41
prod_5372b4d8e0854a38a897474578231167,Todd Snyder,164,USD,FALSE,4/15/2025 10:59
prod_2b93edc48815471d88dec6d08751bf1d,Todd Snyder,198,USD,FALSE,4/15/2025 10:59
prod_cd4b375a5d814f61ab48e72f3f01ef69,Todd Snyder,44,USD,FALSE,4/14/2025 15:41
prod_7d5e64b696c24a169ce449a4e1a52f1d,Todd Snyder,159,USD,FALSE,4/14/2025 15:41
prod_332921e7c1db42c4b76ae0fd15e72131,Taylor Stitch,89.6,USD,TRUE,4/15/2025 10:59
prod_32f9d1f376ff4ebf929e559fa1bcb12f,Huckberry,132,USD,TRUE,4/15/2025 10:59
prod_32aa5b2f2ed04f1e8dd5f96c7a08f1e3,eBay - the.deal.ninja,79.99,USD,TRUE,4/15/2025 10:59
prod_719731f43069467485c624b645f87013,Porterhouse Clothing & Supply,143,USD,FALSE,4/15/2025 10:59
prod_3ad494455beb446ba9c9cd26af403c35,Taylor Stitch,138,USD,TRUE,4/15/2025 10:59
prod_4a57085b75f44009b76cd1084d0f4bd5,eBay - the.deal.ninja,69.99,USD,TRUE,4/15/2025 10:59
prod_1421d43adf094e8abbd5b85e1b8fdf35,Taylor Stitch,125,USD,TRUE,4/15/2025 10:59
prod_84ea9bf9ae8f4f2c8e3b30667bc61fbe,J.Crew,69.5,USD,FALSE,4/15/2025 10:59
prod_84ea9bf9ae8f4f2c8e3b30667bc61fbe,J.Crew,69.5,USD,FALSE,4/14/2025 15:41
prod_55afbcb4b5524e85b6c3d6e5f575ccf7,J.Crew,89.5,USD,FALSE,4/15/2025 10:59
prod_d237940919cf450d8f76d82a5aa379af,J.Crew Factory,58.5,USD,FALSE,4/15/2025 10:59
prod_875d803418f442978eea4adf7d76c3d9,J.Crew,98,USD,FALSE,4/15/2025 10:59
prod_875d803418f442978eea4adf7d76c3d9,J.Crew,69.5,USD,FALSE,4/14/2025 15:41
prod_8c4b5f6bfc9543578d4602eea2f0f6bc,eBay - charshealthybeauty,78,USD,FALSE,4/15/2025 10:59
prod_5951cfed10ed43dc8cc0e63aed05aaae,Howl Mercantile & Coffee,99.99,USD,FALSE,4/15/2025 10:59
prod_5951cfed10ed43dc8cc0e63aed05aaae,Howl Mercantile & Coffee,99.99,USD,FALSE,4/14/2025 15:41
prod_e03e2dbf2089408b9f9dbbed9e616046,Outerknown,168,USD,TRUE,4/15/2025 10:59
prod_e03e2dbf2089408b9f9dbbed9e616046,Outerknown,168,USD,TRUE,4/14/2025 15:41
prod_939cf57c5bff46099b1e9d35e863a308,Huckberry,100,USD,TRUE,4/14/2025 15:41
prod_dcc32c284fd04d05b6677d5e32bc2de4,Outerknown,168,USD,TRUE,4/15/2025 10:59
prod_dcc32c284fd04d05b6677d5e32bc2de4,Outerknown,168,USD,TRUE,4/14/2025 15:41
prod_173856693a374b1aaf6642e81ed1dec1,Outerknown,58,USD,TRUE,4/15/2025 10:59
prod_fd600028f88b475b95a6e943fcabfdd3,Outerknown,168,USD,TRUE,4/14/2025 15:41
prod_83303a121a654953b29b5e029c673109,Outerknown,168,USD,TRUE,4/15/2025 10:59
prod_e61a5713c9fb4b6882d57330e8b6171c,Outerknown,58,USD,TRUE,4/15/2025 10:59
prod_ef25daffea734018a2e9b43550fe16eb,Outerknown,168,USD,TRUE,4/15/2025 10:59
prod_54e83ad9c3f04ae8a82ed8124b740ee7,CRAFTD London,134.99,USD,TRUE,4/15/2025 10:59
prod_36bdafa83f784061864180af5687331c,CRAFTD London,69.99,USD,TRUE,4/15/2025 10:59
prod_36bdafa83f784061864180af5687331c,CRAFTD London,69.99,USD,TRUE,4/14/2025 15:41
prod_c347ac2e291c45169741710badf21121,CRAFTD London,109.99,USD,TRUE,4/15/2025 10:59
prod_3a5c9c785f0243edb0c24ea1baf966dc,CRAFTD London,49.99,USD,TRUE,4/15/2025 10:59
prod_3a5c9c785f0243edb0c24ea1baf966dc,CRAFTD London,49.99,USD,TRUE,4/14/2025 15:41
prod_0cb353c584ca41728d907de6ea635104,CRAFTD London,109.99,USD,TRUE,4/15/2025 10:59
prod_9aa97ce0e75e4b88870fb57af0ae52cf,eBay,58,USD,FALSE,4/15/2025 10:59
prod_9aa97ce0e75e4b88870fb57af0ae52cf,eBay,58,USD,FALSE,4/14/2025 15:41
prod_f1b59f0eaacc4f208078641613eb2341,Home Depot,599,USD,TRUE,4/15/2025 10:59
prod_f1b59f0eaacc4f208078641613eb2341,Home Depot,599,USD,TRUE,4/14/2025 15:41
prod_ad019a91e0fa4f9bace0e8d8b61d350b,Home Depot,179,USD,TRUE,4/15/2025 10:59
prod_ad019a91e0fa4f9bace0e8d8b61d350b,Home Depot,179,USD,TRUE,4/14/2025 15:41
prod_f135a8cd155e46d1868fc7ace8af9849,eBay - navonk69,215.66,USD,TRUE,4/15/2025 10:59
prod_f94e751473974397a4c381783a58e31f,eBay,195,USD,TRUE,4/15/2025 10:59
prod_3e67cfebfe7341658d8e604e3de47cc6,Everlane,80,USD,FALSE,4/15/2025 10:59
prod_2fbbb32f35664eeab5bf92b193bdacc4,Editorialist,98,USD,FALSE,4/15/2025 10:59
prod_10f26f709ac540e38c5ba881f51d0793,Everlane,118,USD,FALSE,4/15/2025 10:59
prod_4699afc220504b60acc5e6730911e719,Everlane,98,USD,FALSE,4/15/2025 10:59
prod_4699afc220504b60acc5e6730911e719,Everlane,98,USD,FALSE,4/14/2025 15:41
prod_d32a4c0c6882400bb907e823a746c6db,Everlane,39,USD,FALSE,4/15/2025 10:59
prod_d32a4c0c6882400bb907e823a746c6db,Everlane,39,USD,FALSE,4/14/2025 15:41
prod_ef12561c19044de3b1099b455bb66c2a,eBay,32,USD,FALSE,4/15/2025 10:59
prod_ef12561c19044de3b1099b455bb66c2a,eBay,32,USD,FALSE,4/14/2025 15:41
prod_01c207e2f156436599a2e93e507caf4d,Everlane,75,USD,FALSE,4/15/2025 10:59
prod_72d6b59abf33453f927aedfa4198dab5,Everlane,44,USD,FALSE,4/15/2025 10:59
prod_84120078754b4ca9bb085745655e0d1e,Everlane,98,USD,FALSE,4/15/2025 10:59
prod_84120078754b4ca9bb085745655e0d1e,Everlane,98,USD,FALSE,4/14/2025 15:41
prod_35a20ccd33ca47c785a86df8388f81bd,Everlane,47,USD,FALSE,4/15/2025 10:59
prod_35a20ccd33ca47c785a86df8388f81bd,Everlane,47,USD,FALSE,4/14/2025 15:41
prod_a9c544cc061a4bb3bc0c85c2c2c57cc6,Everlane,108,USD,FALSE,4/15/2025 10:59
prod_3fecd89c7a3443e393033e78118a3a69,Poshmark,30,USD,FALSE,4/15/2025 10:59
prod_0f988185803944cabd9e4dc252b339bd,Everlane,23,USD,FALSE,4/15/2025 10:59
prod_0f988185803944cabd9e4dc252b339bd,Everlane,23,USD,FALSE,4/14/2025 15:41
prod_0be0bc001e7c4192b1731678d3a43075,Filson,195,USD,TRUE,4/15/2025 10:59
prod_34cd49daf5a944f9a9458f4083c818e8,Filson,177,USD,TRUE,4/15/2025 10:59
prod_6a19cfec50d24a3a8d9ed143505ea0e8,Filson,495,USD,TRUE,4/15/2025 10:59
prod_6a19cfec50d24a3a8d9ed143505ea0e8,Filson,495,USD,TRUE,4/14/2025 15:41
prod_cb9e871322224f1b856de903471ae4aa,Filson,275,USD,TRUE,4/15/2025 10:59
prod_cb9e871322224f1b856de903471ae4aa,Filson,275,USD,TRUE,4/14/2025 15:41
prod_9ada808bf95a402ca091ea578cdb12e9,Barn Owl Vintage Goods,300,USD,TRUE,4/15/2025 10:59
prod_b38389b339174fb5a60b950147c802f5,Filson,347.5,USD,TRUE,4/15/2025 10:59
prod_c1279dae66bc402589f69763f757e6fe,Filson,731.25,USD,TRUE,4/15/2025 10:59
prod_30b1cb1f79c74dbcae568d49f66878db,Filson,117,USD,TRUE,4/15/2025 10:59
prod_c36dcacd0c564e13bb8f7b589e290e62,Filson,510,USD,TRUE,4/15/2025 10:59
prod_ad280c4f8bee413f901d6b2b07e50046,Filson,768.75,USD,TRUE,4/15/2025 10:59
prod_670d0e2d566e4a5ea08c414ec2c2988a,Filson,237.5,USD,TRUE,4/15/2025 10:59
prod_670d0e2d566e4a5ea08c414ec2c2988a,Filson,237.5,USD,TRUE,4/14/2025 15:41
prod_155d6df29d0c4fd9ab1b9da6c7adf3bf,eBay - patrifit,199.99,USD,FALSE,4/15/2025 10:59
prod_155d6df29d0c4fd9ab1b9da6c7adf3bf,eBay - patrifit,199.99,USD,FALSE,4/14/2025 15:41
prod_bc0e9a0dc6f040df842fe58446b3054b,Filson,550,USD,TRUE,4/15/2025 10:59
prod_743ea05d00b848759658ea2a02b7066b,Filson,325,USD,TRUE,4/15/2025 10:59
prod_cbbf6eebcf844da888fde36def31197a,Filson,219,USD,TRUE,4/15/2025 10:59
prod_2063c45f85bf47f0914f33b93a66711a,Filson,237,USD,TRUE,4/14/2025 15:41
prod_b074e39595ed427e8d53b7fd60b7f535,Filson,295,USD,TRUE,4/15/2025 10:59
prod_b074e39595ed427e8d53b7fd60b7f535,Filson,295,USD,TRUE,4/14/2025 15:41
prod_f4e7476968f848659917b9ce6942c976,Unclaimed Baggage,13.49,USD,TRUE,4/14/2025 15:41
prod_b789edf1e34c44a0a0e1acceb4e0c0df,Banana Republic,89.99,USD,FALSE,4/14/2025 15:41
prod_7e254dda22784cf99a0f1713fe980aae,Banana Republic Factory,60,USD,FALSE,4/14/2025 15:41
prod_d220fb1d7dab4bf4b53dfc3e94cb1e0e,eBay - bluegrassbelle5,59.99,USD,FALSE,4/14/2025 15:41
prod_cd527be3825241dab6a43efcf7dc0013,Walmart - Seller,44.99,USD,TRUE,4/14/2025 15:41
prod_af473a50842e4a6bb4f8627a456a7b87,Banana Republic,44.99,USD,FALSE,4/14/2025 15:41
prod_d78101894ffc4b2eba217349f24129a1,eBay - namebrandclothing_1,18.99,USD,TRUE,4/14/2025 15:41
prod_307ee9cef58f4b90bba8876b386b6835,eBay - mymishele123,108.9,USD,FALSE,4/15/2025 10:59
prod_a2619c7bfd504a28a14b222ed4383b28,J.Crew,218,USD,FALSE,4/15/2025 10:59
prod_2f753eb898fb4201b0fc37093ccf0a3e,J.Crew,218,USD,FALSE,4/15/2025 10:59
prod_4827c6a37a564b98b5d74ab549d8d71b,J.Crew,139.5,USD,FALSE,4/15/2025 10:59
prod_a606875009624504b9516b25de1a6c14,J.Crew,179.5,USD,FALSE,4/15/2025 10:59
prod_ffefca6717804a2284d4bdd4c3c2b60e,Chair King Backyard Store,1598,USD,FALSE,4/15/2025 10:59
prod_ffefca6717804a2284d4bdd4c3c2b60e,Chair King Backyard Store,1598,USD,FALSE,4/14/2025 15:41
prod_4f06a004994c44348aa792f0a940f529,AliExpress,160.91,USD,TRUE,4/15/2025 10:59
prod_13969da9994c4fefbb0c78383a7ad66b,The GLD Shop,99,USD,TRUE,4/15/2025 10:59
prod_13969da9994c4fefbb0c78383a7ad66b,The GLD Shop,99,USD,TRUE,4/14/2025 15:41
prod_8c89aa3e938b45428f43631f7c3790c8,The GLD Shop,109,USD,TRUE,4/15/2025 10:59
prod_8c89aa3e938b45428f43631f7c3790c8,The GLD Shop,109,USD,TRUE,4/14/2025 15:41
prod_9608d1a886db4dfd8010484c4173f0d0,Alex Mill,195,USD,FALSE,4/15/2025 10:59
prod_ca33447a999a424ba2e83ad2897ac2f4,Alex Mill,125,USD,FALSE,4/15/2025 10:59
prod_ca33447a999a424ba2e83ad2897ac2f4,Alex Mill,125,USD,FALSE,4/14/2025 15:41
prod_1879317d3b6248e39a3acddb68464638,Alex Mill,165,USD,FALSE,4/15/2025 10:59
prod_7a7257e6a4d24fa8adc19c1278f6c9ce,Alex Mill,165,USD,FALSE,4/15/2025 10:59
prod_f3e637785e8545b7b00542dc3defea51,Alex Mill,98,USD,FALSE,4/15/2025 10:59
prod_f3e637785e8545b7b00542dc3defea51,Alex Mill,98,USD,FALSE,4/14/2025 15:41
prod_0443df512c5e4f9ca0bebd795c3d7884,Alex Mill,195,USD,FALSE,4/15/2025 10:59
prod_0443df512c5e4f9ca0bebd795c3d7884,Alex Mill,195,USD,FALSE,4/14/2025 15:41
prod_6cd6d641dbfe4180a6d385899adc26e2,Alex Mill,175,USD,FALSE,4/15/2025 10:59
prod_115208c3dbc7471eb78ab5d1e9c60b19,Alex Mill,165,USD,FALSE,4/15/2025 10:59
prod_dc105eb04dc441c186b785fc318ae377,Alex Mill,145,USD,FALSE,4/15/2025 10:59
