product_title,kit_quantity,competitor
SW-TKC,4,The RTA Store
SW-COV,4,The RTA Store
SW-B24,1,The RTA Store
SW-SB36,1,The RTA Store
SW-B18,1,The RTA Store
SW-3DB24,1,The RTA Store
SW-BT9,1,The RTA Store
SW-B30S,1,The RTA Store
SW-W2436,1,The RTA Store
SW-W3036,2,The RTA Store
SW-W361824,1,The RTA Store
SW-LSB36,1,The RTA Store
SW-DWR3,1,The RTA Store
WSH-TK8,4,Lily Ann Cabinets
WSH-ACM8,4,Lily Ann Cabinets
WSH-B24,1,Lily Ann Cabinets
WSH-SB36,1,Lily Ann Cabinets
WSH-B18,1,Lily Ann Cabinets
WSH-DB24-3,1,Lily Ann Cabinets
WSH-B9FHD,1,Lily Ann Cabinets
WSH-B30,1,Lily Ann Cabinets
WSH-W2436,1,Lily Ann Cabinets
WSH-W3036,2,Lily Ann Cabinets
WSH-W361824,1,Lily Ann Cabinets
WSH-LS36,1,Lily Ann Cabinets
LST36 (WSH-LS36),1,Lily Ann Cabinets
WSH-DWR3,1,Lily Ann Cabinets
M6-OW-TKC,4,Cabinet Set
M6-OW-COV,4,Cabinet Set
M6-OW-B24,1,Cabinet Set
M6-OW-SB36,1,Cabinet Set
M6-OW-B18,1,Cabinet Set
M6-OW-DB24,1,Cabinet Set
M6-OW-BT9,1,Cabinet Set
M6-OW-B30S,1,Cabinet Set
M6-OW-W2436,1,Cabinet Set
M6-OW-W3036,2,Cabinet Set
M6-OW-W361824,1,Cabinet Set
M6-OW-LSB36,1,Cabinet Set
M6-OW-DWR3,1,Cabinet Set
Toe Kick 8,4,RTA Cabinet Store
Large Crown 8,4,RTA Cabinet Store
B24,1,RTA Cabinet Store
SB36,1,RTA Cabinet Store
B18,1,RTA Cabinet Store
DB24,1,RTA Cabinet Store
B09-FH,1,RTA Cabinet Store
B30,1,RTA Cabinet Store
W2436,1,RTA Cabinet Store
W3036,2,RTA Cabinet Store
W361824,1,RTA Cabinet Store
LS36,1,RTA Cabinet Store
DWR3,1,RTA Cabinet Store
